id_hash,title,summary,link,severity,longitude,latitude,scraped_at
1ec5a2d4c9dc8d888eb53e7be386ed9d2622b8b5c15f25a23a7180238fe93d09,Saudi Arabia's dilemma as it tries to stay out of US-Iran war,The kingdom faces a choice of whether to keep hitting back as a deterrent or to try to de-escalate the situation.,https://www.bbc.co.uk/news/articles/clyx83l8jv8o?at_medium=RSS&at_campaign=rss,2,53.688,32.4279,2026-07-29T23:17:53.632286+00:00
9a73cae23fc93ca01a12c9ae59c1858dca38c997ef6ae1cfd5a189b1efa4d1e6,Salman Rushdie attacker convicted of terror offenses,"Hadi Matar, 28, was convicted of attempting to help Hezbollah by attacking the British-Indian author.",https://www.bbc.co.uk/news/articles/c86ng1g5wy4o?at_medium=RSS&at_campaign=rss,2,34.5262371,40.1189945,2026-07-29T23:17:54.922111+00:00
1301c0b391392d6f2096a418d947ca184156143a36df4a99e39cd6b3a65ce70b,Russia charges Telegram founder Durov with facilitating terrorism,"The FSB claims the messenger app, created by Pavel Durov, has failed to remove accounts and channels used for recruitment by Ukraine's secret service.",https://www.bbc.co.uk/news/articles/cj4kexqkpzno?at_medium=RSS&at_campaign=rss,0,105.3188,61.524,2026-07-29T23:17:54.923914+00:00
68486feda9b76b27ddd53cfe12bb98ef9bd0b13e21f7fa7b1de94043beffe82b,Saudi Arabia joins US in strikes on Iran-backed militias in Iraq,US Central Command says proxy groups launched attacks against US bases and Saudi energy infrastructure.,https://www.bbc.co.uk/news/articles/c70g6y24d76o?at_medium=RSS&at_campaign=rss,4,53.688,32.4279,2026-07-29T23:17:54.931986+00:00
54828e4ae2a6647b40c94953911904e12e1ea791e7eab202bf14f57953c8f80a,Zelensky and Netanyahu meet Trump as wars in Ukraine and Iran drag on,The two leaders sound encouraged after holding back-to-back bilaterals at the White House.,https://www.bbc.co.uk/news/articles/cj4k2z8z45ro?at_medium=RSS&at_campaign=rss,2,31.1656,48.3794,2026-07-29T23:17:54.932062+00:00
adc78e98c06d19a9e2914dbbcf3c716c59142bcb686f74aeab9b7f162b61f0e9,'Israeli settlers laid siege to our home': Inside a Palestinian village under weekly attack,A home on the edge of al-Mughayyir has become a weekly frontline in the battle for the occupied West Bank.,https://www.bbc.co.uk/news/articles/clyxgn37lg5o?at_medium=RSS&at_campaign=rss,2,34.8516,31.0461,2026-07-29T23:17:54.932182+00:00
5b16e62caf3cf3fcad09d861a52c4ef007cefe85d43b7940eab138d255a674c7,Thousands sheltering in key Sudan city under threat again as fighting escalates,"International leaders have issued warnings the RSF may be preparing to attack the city, raising fears of further atrocities being committed.",https://www.bbc.co.uk/news/articles/c4gx399l0wyo?at_medium=RSS&at_campaign=rss,4,-98.5795,39.8283,2026-07-29T23:17:54.932239+00:00
6f838f9e4bfac79ac58623f43126fc1c44763aa89ea58bcbb825db04d13a658f,Myanmar court sentences activists to 37 years over election protest,Nine activists face prison terms of up to 37 years for protesting the military-backed December elections.,https://www.aljazeera.com/news/2026/7/29/myanmar-court-sentences-activists-to-37-years-over-election-protest?traffic_source=rss,0,95.9999652,17.1750495,2026-07-29T23:17:58.224737+00:00
f973dc173b3fbf2e385f9bd925ad3d4a43083e8e3fb73417cc207450b28449e3,Trump threatens Iran strikes after attack on US base in Jordan,”It’s our turn.” President Donald Trump says the US will hit Iran “very hard” following an attack on US forces in Jordan,https://www.aljazeera.com/video/newsfeed/2026/7/29/trump-threatens-iran-strikes-after-attack-on-us-base-in-jordan?traffic_source=rss,4,53.688,32.4279,2026-07-29T23:17:58.226540+00:00
4d5b55bbb78955b2702f21e46cc3710fa199046203f0b8afaa9fa2d5af684c37,Videos show aftermath of US-Saudi strikes on Iraq PMF bases,US and Saudi forces launched coordinated airstrikes targeting Iran-backed Popular Mobilisation Forces (PMF) bases,https://www.aljazeera.com/video/newsfeed/2026/7/29/videos-show-aftermath-of-us-saudi-strikes-on-iraq-pmf-bases?traffic_source=rss,2,53.688,32.4279,2026-07-29T23:17:58.226662+00:00
2e75a44a3c1d73fbdded7118342231d9af06390e6863d6ae5956ea1492a5f2c5,Ice cream for education: Gaza cafe raises funds for studies,"In war-torn Gaza, a group of Palestinian students opened Flora, an ice cream shop and cafe, to pay university fees.",https://www.aljazeera.com/video/newsfeed/2026/7/29/ice-cream-for-education-gaza-cafe-raises-funds-for-studies?traffic_source=rss,2,34.3088,31.3547,2026-07-29T23:17:58.226892+00:00
fce30ad916762a8569d537bc7fa3bb99713eb14727ae2aa0b1c9ef15aa6c1921,Al-Shabab kills five Kenyan security personnel in ambush,The ambush is part of a rapid surge in cross-border attacks along Kenya&#039;s northern frontier.,https://www.aljazeera.com/news/2026/7/29/al-shabab-kills-five-kenyan-security-personnel-in-ambush?traffic_source=rss,2,46.7582205,24.5926549,2026-07-29T23:17:59.090832+00:00
b9979d9efbb29f7f0d8cb66c0a7e7c00f5b13c507e7cb7f3a748ab485f4ad1b1,Hindus take holy dip in India’s rivers on sacred holiday,Footage shows tens of thousands of Hindu devotees bathing in India’s Ganga and Saryu rivers to mark Guru Purnima.,https://www.aljazeera.com/video/newsfeed/2026/7/29/hindus-take-holy-dip-in-indias-rivers-on-sacred-holiday?traffic_source=rss,0,-98.5795,39.8283,2026-07-29T23:17:59.092489+00:00
bc0daadcaf17792b53b67b3671356a7b49525acca8dadaf04e0d665b2647cd16,Iran pushes back against US as regional attacks heat up,New round of strikes raises fears of further escalation as Iran rejects Omani proposal for joint Hormuz oversight.,https://www.aljazeera.com/news/2026/7/29/iran-pushes-back-against-us-as-regional-attacks-heat-up?traffic_source=rss,4,53.688,32.4279,2026-07-29T23:17:59.092742+00:00
66b75b69a7068294d89b9f5ed38294d19bf6b3cd44420337ec5bbfff9af0c70a,"Fuel prices soar on back of Iran war, leaving Yemeni labourers with no work",Construction projects in Yemen are paused as rising fuel prices trigger a domino effect on building material costs.,https://www.aljazeera.com/news/2026/7/29/yemen-construction-fuel-iran?traffic_source=rss,2,53.688,32.4279,2026-07-29T23:17:59.092875+00:00
67b8be9962c5b0b5343f6446ccee093034dfcb17e159068d0a9ce4529d822e57,Two Russian men jailed in Angola for terrorism and spying,"<p>The men were convicted over alleged plan to stage coup and organise deadly demonstrations over fuel prices last year</p><p>Two Russian men have been found guilty by an Angolan court of terrorism and spying after being accused of planning a coup and helping to organise deadly demonstrations in the southern African country last year.</p><p>Lev Lakshtanov and Igor Ratchin were sentenced to eight and 11 years in jail respectively. They had denied the charges, claiming they were in Angola for cultural and business activities.</p> <a href=""https://www.theguardian.com/world/2026/jul/23/two-russian-men-jailed-angola-terrorism-and-spying"">Continue reading...</a>",https://www.theguardian.com/world/2026/jul/23/two-russian-men-jailed-angola-terrorism-and-spying,0,105.3188,61.524,2026-07-29T23:18:00.180412+00:00
e374879c51c446af68e5b00f91219c14d87349981be7071c593c3ee24fe3d03f,Canadians spent $3.3bn less on travel to US in 2025 after Trump’s return to office,"<p>Data shows Canadians have replaced US vacations with other international trips in apparent rebuke to Trump</p><p>Canadians spent $3.3bn less on travel to the US in 2025 than in the previous year, as Donald Trump’s hostile policies towards his northern neighbour continue to incur an economic cost, new government data shows.</p><p>The research also indicates that Canadians are not bucking travel overall and instead have replaced US vacations with other international destinations, in a rebuke to Trump’s tariff regime and the president’s continued musings on annexing Canada.</p> <a href=""https://www.theguardian.com/world/2026/jul/28/canadians-us-travel-drop-trump"">Continue reading...</a>",https://www.theguardian.com/world/2026/jul/28/canadians-us-travel-drop-trump,2,-93.4069721,44.81588,2026-07-29T23:18:01.365806+00:00
44a201d1b15638e5036495805a30cf7900e81cc4e6c7ec63bb444a2574318ac7,Past fires suggest effects of Europe and North America wildfires may linger for years,"<p>Three years after Maui wildfires many still struggle with ‘biological, emotional and social consequences’, study says</p><p>A spate of ferocious wildfires across North America and Europe, worsened by the climate crisis, has incinerated homes and forests and forced thousands of people to flee. Previous fires suggest the effects of these blazes may linger for years to come.</p><p>The current fires and their plumes of smoke can appear to be a temporary, if immediate, crisis. Nearly 1,000 fires have sprung into life in the boreal forests of Canada, causing the evacuation of towns and toxic smoke to waft into major Canadian and US cities, prompting threats of retribution from Donald Trump, who <a href=""https://www.theguardian.com/us-news/2026/jul/24/trump-canada-wildfires-smoke-scientists"">bizarrely accused</a> Canada of “poisoning” his country’s air.</p> <a href=""https://www.theguardian.com/world/2026/jul/28/wildfires-europe-north-america-effects"">Continue reading...</a>",https://www.theguardian.com/world/2026/jul/28/wildfires-europe-north-america-effects,0,-98.5795,39.8283,2026-07-29T23:18:01.367268+00:00
fd4e3aab0a99d782316d9fce5f493093d7f8b0cfb375f6c914d33bc5c4c6d196,Javier Milei accuses US Democrats of financing ‘anti-Argentina campaign’ at World Cup,"<p>President also blames Brazil and Mexico and says online critics ‘do not want the ideas of freedom to succeed’</p><p>More than a week has passed since Ferran Torres scored the extra-time goal that gave Spain its second World Cup, but – at least for Argentina’s president – the tournament is not over.</p><p>Javier Milei has claimed that a coordinated “anti-Argentina campaign” was behind criticism of the country’s team, <a href=""https://www.theguardian.com/football/2026/jul/18/argentina-spain-latin-america-support-world-cup-final"">accusations of racism</a> among its fans and conspiracy theories alleging that Lionel Messi’s side was secretly being favoured by Fifa.</p> <a href=""https://www.theguardian.com/world/2026/jul/28/javier-milei-accuses-us-democrats-of-financing-anti-argentina-campaign-at-world-cup"">Continue reading...</a>",https://www.theguardian.com/world/2026/jul/28/javier-milei-accuses-us-democrats-of-financing-anti-argentina-campaign-at-world-cup,0,-98.5795,39.8283,2026-07-29T23:18:01.367418+00:00
fde6a5d3ae02df4a40a58a4fb8e9fe81e030c9b31fc02b3e71424068d0d21e8f,‘Race against time’: Japan earthquake death toll rises as rescue teams search for missing,"<p>Military mobilises thousands of personnel after quake on southern Kyushu island that registered a maximum 7 on the Japanese shindo intensity scale</p><ul><li><p><a href=""https://www.theguardian.com/world/gallery/2026/jul/29/japan-earthquake-kyushu-images-pictures-gallery"">Earthquake rocks southern Japanese island of Kyushu – in pictures</a> </p></li></ul><p>At least 13 people were killed when a 6.8 magnitude earthquake struck southern Japan on Tuesday, injuring hundreds and knocking out power and water to tens of thousands.</p><p>“There are people who are still waiting to be rescued, and it’s a race against time,” the prime minister, Sanae Takaichi, said on Wednesday. “We will go all out to find and rescue as many people as we can.”</p> <a href=""https://www.theguardian.com/world/2026/jul/29/japan-earthquake-death-aftershocks"">Continue reading...</a>",https://www.theguardian.com/world/2026/jul/29/japan-earthquake-death-aftershocks,2,-98.5795,39.8283,2026-07-29T23:18:01.367749+00:00
e120c1aa144c15058e8ec6ce3efa6cdadf01e7779657ea8a64f081deac6dfece,Japan earthquake injures at least 100 and kills two inside shopping mall,"<p>Kumamoto shaken by 6.8-magnitude quake, knocking out power and damaging buildings, as people remain trapped inside shopping centre</p><p>A 6.8-magnitude earthquake has shaken south Japan, killing at least two people and leaving at least 100 people injured. Some are trapped and presumed dead inside a shopping mall.</p><p>The earthquake hit Kumamoto prefecture on the southern Kyushu island late on Tuesday afternoon, knocking out power to thousands of homes and damaging roads, bridges and buildings.</p> <a href=""https://www.theguardian.com/world/2026/jul/28/japan-earthquake-traps-people-collapsed-shopping-mall"">Continue reading...</a>",https://www.theguardian.com/world/2026/jul/28/japan-earthquake-traps-people-collapsed-shopping-mall,0,-98.5795,39.8283,2026-07-29T23:18:01.367872+00:00
4dcf8e54395ff8c1f5b2fea6942e38b1ded25e87202c813d59e50e3f49d5e9b2,Atlassian tightens tracking of staff AI use as other technology firms encourage ‘tokenmaxxing’,"<p>Some companies reportedly using leaderboards for employees who used the most AI in their work</p><ul><li><p><a href=""https://www.theguardian.com/australia-news/live/2026/jul/30/antisemitism-royal-commission-nsw-icac-inquiry-closing-the-gap-data-torres-strait-climate-appeal-anthony-albanese-labor-angus-taylor-coalition-ntwnfb"">Follow our Australia news live blog for latest updates</a></p></li><li><p>Get our <a href=""https://www.theguardian.com/email-newsletters?CMP=cvau_sfl"">breaking news email</a>, <a href=""https://app.adjust.com/w4u7jx3"">free app</a> or <a href=""https://www.theguardian.com/australia-news/series/full-story?CMP=cvau_sfl"">daily news podcast</a></p></li></ul><p>Software firm Atlassian has sought to tighten tracking of its staff’s AI spending by introducing “wallets” with monthly caps of up $2,000 for each employee, amid an explosion in costs at other tech companies.</p><p>The move by Atlassian, which <a href=""https://www.theguardian.com/technology/2026/mar/12/atlassian-layoffs-software-technology-ai-push-mike-cannon-brookes-asx"">recently cited AI</a> as part of the reason behind cutting 1,600 staff, bucks the trend of others in the tech sector who encouraged employees to use as much of the technology as possible, dubbed “tokenmaxxing”. Some companies have reportedly introduced leaderboards for employees who used the most AI in their work.</p> <a href=""https://www.theguardian.com/technology/2026/jul/30/atlassian-tightens-tracking-of-staff-ai-use-as-other-technology-firms-encourage-tokenmaxxing"">Continue reading...</a>",https://www.theguardian.com/technology/2026/jul/30/atlassian-tightens-tracking-of-staff-ai-use-as-other-technology-firms-encourage-tokenmaxxing,4,151.206676,-33.8683561,2026-07-29T23:18:02.456563+00:00
3e614178c85f009c79a5933e50c60bcbf2508edec3d709794329fe7235e6d6df,‘Extremely effective’ organised campaigns against wind and solar undermining support for renewable energy,"<p>Clean Energy Council calls for a national, legislated scheme to funnel benefits of hosting renewables projects back to local councils</p><ul><li><p><a href=""https://www.theguardian.com/environment/2025/mar/10/sign-up-for-the-clear-air-australia-environment-newsletter-with-adam-morton?CMP=cvau_sfl"">Sign up for climate and environment editor Adam Morton’s free Clear Air newsletter here</a></p></li><li><p><a href=""https://www.theguardian.com/australia-news/live/2026/jul/30/antisemitism-royal-commission-nsw-icac-inquiry-closing-the-gap-data-torres-strait-climate-appeal-anthony-albanese-labor-angus-taylor-coalition-ntwnfb"">Follow our Australia news live blog for latest updates</a></p></li></ul><p>Organised campaigns against wind and solar energy have proved “extremely effective” in undermining community support for renewable energy but enthusiasm for electric vehicles has jumped after Donald Trump’s attack on Iran, according to a detailed snapshot of Australian attitudes to the clean energy transition.</p><p>The survey found levels of “deep support” for clean technologies were highest for home batteries and rooftop solar and also improving for major infrastructure projects such as transmission lines, which have been a target for critics of renewables.</p><p><strong><a href=""https://www.theguardian.com/environment/2025/mar/10/sign-up-for-the-clear-air-australia-environment-newsletter-with-adam-morton?CMP=copyembed"">Sign up to get climate and environment editor Adam Morton’s Clear Air column as a free newsletter</a></strong></p> <a href=""https://www.theguardian.com/australia-news/2026/jul/30/australians-value-batteries-and-evs-but-renewables-industry-must-earn-trust-of-regions-summit-told"">Continue reading...</a>",https://www.theguardian.com/australia-news/2026/jul/30/australians-value-batteries-and-evs-but-renewables-industry-must-earn-trust-of-regions-summit-told,2,53.688,32.4279,2026-07-29T23:18:02.457902+00:00
3d5baef4b25c219e624616806323c7bb7efc25b526ca519679c862459e7da11b,Three firefighters killed on Crete and in mainland Greece as Europe battles wildfires,"<p>Repeated heatwaves and strong winds alarm experts, who warn blazes are becoming harder to quell</p><p>Three Greek firefighters have died while tackling wildfires on the island of Crete and in the south of the mainland, the Greek fire department has said, as extreme heat hinders efforts to control blazes ravaging southern Europe.</p><p>The arc of brutal fires, which runs from the Atlantic coast to the eastern Mediterranean, and from the Scottish Highlands to the south of Spain, has alarmed experts because many of the fires have been out of control and burning close to towns and cities.</p> <a href=""https://www.theguardian.com/world/2026/jul/29/pedro-sanchez-next-12-hours-decisive-extreme-heat-wildfires-madrid-europe"">Continue reading...</a>",https://www.theguardian.com/world/2026/jul/29/pedro-sanchez-next-12-hours-decisive-extreme-heat-wildfires-madrid-europe,4,-153.3720487,69.1973427,2026-07-29T23:18:03.438470+00:00
7da96f71a477856b50d77c65433e993d5a679a0d41bbb1617025e7181cb20afb,Russia accuses Telegram founder of aiding terrorism in its latest online crackdown,"<p>FSB puts Pavel Durov on international wanted lists and says his messaging app is used for sabotage and murder</p><p>Russian officials have charged Pavel Durov, the founder and chief executive of the messaging app Telegram, with aiding terrorism.</p><p>The charges against <a href=""https://www.theguardian.com/world/2025/dec/23/biography-russian-telegram-founder-pavel-durov"">the 41-year-old Russian-born billionaire</a>, who lives in the Gulf, are the latest step by the Kremlin to bring the internet and digital communications under its control after the full-scale invasion of Ukraine in 2022.</p> <a href=""https://www.theguardian.com/world/2026/jul/29/russia-accuses-telegram-founder-of-aiding-terrorism-pavel-durov"">Continue reading...</a>",https://www.theguardian.com/world/2026/jul/29/russia-accuses-telegram-founder-of-aiding-terrorism-pavel-durov,2,105.3188,61.524,2026-07-29T23:18:03.440706+00:00
95a25d3a066ddef8477c613d67815ed877501abc62e4a01a2a6d0c5440a89cad,"US-Saudi strikes in Iraq push region into ‘uncharted territory’, analysts warn","<p>Riyadh’s decision to join US in strikes on Iran-backed militia further complicates widening and ‘unpredictable’ war</p><p>US-Saudi strikes on Iran-backed militia in Iraq have pushed the region into “uncharted territory”, analysts have warned.</p><p>Amid stark warnings of a widening and increasingly “unpredictable” conflict, <a href=""https://www.theguardian.com/world/2026/jul/29/iran-missile-attack-us-base-forces"">Riyadh’s decision to publicly join the US</a> in striking sites associated with Iraq’s Popular Mobilisation Forces (PMF), killing at least 20 fighters, has added another complicating dimension to the war.</p> <a href=""https://www.theguardian.com/world/2026/jul/29/us-saudi-strikes-in-iraq-have-pushed-the-region-into-uncharted-territory-analysts-warn"">Continue reading...</a>",https://www.theguardian.com/world/2026/jul/29/us-saudi-strikes-in-iraq-have-pushed-the-region-into-uncharted-territory-analysts-warn,6,53.688,32.4279,2026-07-29T23:18:03.441033+00:00
ec060dcdc4b2bce0d7312b775d3e7d67470a21887e2156cc4a77c46afbcb8d4b,US joins forces with Saudis to strike Tehran-backed militias in Iraq,"<p>Oil price spikes after flare-up of fighting and claimed Iranian attacks on three tankers in strait of Hormuz</p><p>The US military said it knocked down an Iranian missile barrage and worked with Saudi Arabia forces to strike sites in Iraq that Tehran-backed militias have used to launch attacks in recent days. The strikes on Wednesday killed at least 20 members of a former paramilitary alliance that includes pro-Iran groups.</p><p>In what Washington cast ⁠as “an attempted surprise ⁠attack” by Tehran, Iran had launched multiple ballistic missiles at US forces in the Middle East, shattering a brief pause in fighting. Iran’s target was a US base in Jordan, Axios cited a US official as saying.</p> <a href=""https://www.theguardian.com/world/2026/jul/29/iran-missile-attack-us-base-forces"">Continue reading...</a>",https://www.theguardian.com/world/2026/jul/29/iran-missile-attack-us-base-forces,6,53.688,32.4279,2026-07-29T23:18:03.441238+00:00
4c64263183aaf4f38bd1f5dac37c8ed48afe167de1fd89562b3b8cf1018ef14a,Prisoners at Iran’s largest jail sew lips shut in hunger strike as executions soar,"<p>At least 1,500 protest after six men on drug-related charges put in solitary confinement before possible execution</p><p>Prisoners at Iran’s largest jail have sewn their lips shut as hundreds of them joined a mass hunger strike amid a surge in executions over drug offences and charges linked to anti-government protests.</p><p>The hunger strike, involving at least 1,500 death row prisoners at Ghezel Hesar prison near Tehran, began two weeks ago after six men convicted on drug-related charges were transferred to solitary confinement before their possible execution, according to Iranian rights groups.</p> <a href=""https://www.theguardian.com/world/2026/jul/28/prisoners-iran-largest-jail-sew-lips-shut-hunger-strike-executions-soar"">Continue reading...</a>",https://www.theguardian.com/world/2026/jul/28/prisoners-iran-largest-jail-sew-lips-shut-hunger-strike-executions-soar,2,53.688,32.4279,2026-07-29T23:18:03.441443+00:00
8ac6690194fe2476d51a8537d38628fa07df00e076eba76bdbf661ad25264bb0,"A dog saved Houssein Hamze from a bomb. When war returned, he stayed to care for Lebanon’s animals","<p>In normal times the Mashala shelter founder takes in strays, but in wartime, he is the only lifeline for animals in the area</p><p>During Israel’s 2006 war against Hezbollah, Houssein Hamze woke up one night to the sound of barking. Alarmed, he got up to check on the dog – his first rescue pet. Moments later, a bomb dropped next to his home and a piece of shrapnel landed right where he had been sleeping.</p><p>“I swear to God, he really saved me from death. Animals always possess a sixth sense we don’t have,” Hamze said.</p> <a href=""https://www.theguardian.com/world/2026/jul/28/man-who-stayed-to-save-lebanon-wartime-animals-mashala-shelter"">Continue reading...</a>",https://www.theguardian.com/world/2026/jul/28/man-who-stayed-to-save-lebanon-wartime-animals-mashala-shelter,2,34.8516,31.0461,2026-07-29T23:18:03.441630+00:00
249c69641a59ad54298ed466f7de7ae76e4bfad82f25f40b8d9b85fb6e0ae67c,Trump warns of return to ‘strong military action’ if Iran diplomacy fails,"<p>Washington and Tehran issue conflicting messages over the status of talks to end Middle East crisis</p><p>Donald Trump has once again warned that the US will return to “strong military action” against Iran if diplomatic efforts do not bring a rapid resolution to the crisis in the Middle East.</p><p>“We are in very deep talks with Iran. If they don’t work out, we will go back to very strong military action,” the US president told Axios on Monday. Asked for how long he would allow the talks to proceed, he answered: “Not much time. Either it goes fast or not at all.”</p> <a href=""https://www.theguardian.com/world/2026/jul/27/trump-warns-return-strong-military-action-iran-diplomacy-fails"">Continue reading...</a>",https://www.theguardian.com/world/2026/jul/27/trump-warns-return-strong-military-action-iran-diplomacy-fails,2,53.688,32.4279,2026-07-29T23:18:03.441816+00:00
34ce4a98ef282f12b46249c705c3e53c0c608057588f728e8db7a1d34ac9cc46,Pakistan accused of fatally shooting 30 unarmed protesters in Kashmir,"<p>Local civil rights group alleges authorities removed evidence of killings amid communications blackout</p><p>At least 30 people are alleged to have been killed in Pakistan-administered Kashmir in the past two days as part of what has been claimed is a brutal state crackdown that has engulfed the disputed region for weeks.</p><p>According to a local civil society group, Joint Awami Action Committee (JAAC), the Pakistani security services fired on tens of thousands of peaceful protesters, killing 25 people on Monday and five more on Tuesday.</p> <a href=""https://www.theguardian.com/world/2026/jul/28/pakistan-accused-firing-unarmed-protesters-kashmir-killings"">Continue reading...</a>",https://www.theguardian.com/world/2026/jul/28/pakistan-accused-firing-unarmed-protesters-kashmir-killings,2,-98.5795,39.8283,2026-07-29T23:18:03.441975+00:00
d104853db39edcce75238ea9ca7b759dbd1becb6b82224d377c2767d8f915a35,Monday briefing: ​How the Cockroach ​protests ​have expose​d the ​cracks in ​India’s government,"<p>In today’s newsletter: Across ​the country, a ​younger generation is turning private disillusionment into public defiance​ against a government that once felt untouchable</p><p>Good morning. As flames engulfed parts of France and Spain this weekend, in India, the prime minister, Narendra Modi, was trying to put out a very different kind of fire. Thousands of people arrived in Delhi on Saturday to demand the resignation of his education minister, Dharmendra Pradhan. When <a href=""https://www.theguardian.com/world/2026/jul/25/dharmendra-pradhan-india-education-minister-resigns-cockroach-movement"">he stepped down</a> in the early afternoon, the protests turned into a triumphant block party.</p><p>But the Cockroach protests that have <a href=""https://www.theguardian.com/world/2026/jul/20/cockroach-janta-party-protest-march-sonam-wangchuk-india-parliament"">swept through India this summer</a> are about much more than a single minister. They have humiliated Modi and undermined the indomitable power of his Bharatiya Janata party (BJP) that has ruled India for the past 12 years. They’re also a lesson in using humour to political advantage.</p><p><em><strong>Wild fires </strong></em>| Authorities in France <a href=""https://www.theguardian.com/world/2026/jul/26/firefighters-in-france-battle-to-prevent-huge-blaze-from-approaching-bordeaux"">battled to contain a huge wildfire</a> near Bordeaux in the south-west as Spain’s prime minister, Pedro Sánchez, warned Spain and the Iberian peninsula were suffering the effects of the climate emergency.</p><p><em><strong>Germany </strong></em>| A man suspected of driving a van into a crowd near Berlin’s Pride festival then going on a knife rampage in an Islamist terror attack <a href=""https://www.theguardian.com/world/2026/jul/26/berlin-pride-van-knife-rampage-islamist-terrorist-attack-germany"">has been shot dead by police</a>, German officials have said.</p><p><em><strong>Iran </strong></em>| The US has <a href=""https://www.theguardian.com/world/2026/jul/26/us-pauses-trump-netanyahu-attacks-on-iran-talks-hormuz"">paused strikes on Iran</a> for a second night as top military officials advised Donald Trump to halt his bombing campaign, and diplomatic negotiations have continued to avoid a return to all-out war.</p><p><em><strong>UK politics </strong></em>| Britain’s foreign secretary, Ed Miliband, is to indicate he will put the climate crisis and overseas development <a href=""https://www.theguardian.com/business/2026/jul/26/ed-miliband-development-climate-crisis-uk-foreign-policy-world-bank-seat"">at the heart of UK international relations</a> by taking up the country’s seat on the board at the World Bank.</p><p><em><strong>UK news </strong></em>| Five Palestine Action activists <a href=""https://www.theguardian.com/uk-news/2026/jul/27/palestine-action-activists-face-being-sentenced-terrorists-damage-barclays-bank-burnley"">face being sentenced as terrorists</a> for breaking windows and throwing red paint at a branch of Barclays Bank in Lancashire.</p><p><strong>Monday | </strong>Andrew and Tristan Tate are due back in the Florida court where they’re fighting their extradition to the UK, to face rape and sex-trafficking charges.</p><p><strong>Tuesday | </strong>Donald Trump and Volodymyr Zelenskyy are expected to be among those attending the Washington DC memorial service for the late South Carolina senator and Trump ally Lindsey Graham.</p><p><strong>Thursday |</strong> People will go to the polls to elect the next mayor of Greater Manchester, who will replace Andy Burnham.</p> <a href=""https://www.theguardian.com/world/2026/jul/27/monday-briefing-how-the-cockroach-protests-have-exposed-the-cracks-in-indias-government"">Continue reading...</a>",https://www.theguardian.com/world/2026/jul/27/monday-briefing-how-the-cockroach-protests-have-exposed-the-cracks-in-indias-government,8,-98.5795,39.8283,2026-07-29T23:18:03.442649+00:00
d7c687fd6d571f401e10694a3abe22bf4b62491b4a6a637b673ebe574a983ae0,"Trident renewal central to defence spending, says Andy Burnham","<p>Prime minister to highlight investment in communities as he launches next phase of nuclear submarine replacement</p><p>Andy Burnham will place the renewal of Trident at the heart of his vision of a reindustrialised Britain on Thursday when he travels to Barrow-in-Furness to launch the next phase of the nuclear submarine replacement programme.</p><p>The new prime minister intends to emphasise that defence spending on projects such as the £31bn Dreadnought-class boats built in the Cumbrian town is a case study of taxpayer investment revitalising communities around the UK.</p> <a href=""https://www.theguardian.com/politics/2026/jul/29/trident-renewal-central-defence-reindustrialised-britain-andy-burnham"">Continue reading...</a>",https://www.theguardian.com/politics/2026/jul/29/trident-renewal-central-defence-reindustrialised-britain-andy-burnham,0,11.1257601,46.0664228,2026-07-29T23:18:04.282895+00:00
a0735a4d0da1f52dc0c00c3d1a4afc44d17e2a0b846630b31e1829d4d943cf23,Hackers steal sensitive data from UK Department for Education and police,"<p>Details of parents and staff, including email addresses and phone numbers, are among data taken by cybercriminals</p><p>The Department for Education and a police database have been targeted by a cyber-attack, exposing more than 740,000 pieces of data.</p><p>Details of government officials, senior school leaders, university staff, police officers and members of the public have been taken by hackers.</p> <a href=""https://www.theguardian.com/technology/2026/jul/29/department-for-education-police-hackers-cybercrime"">Continue reading...</a>",https://www.theguardian.com/technology/2026/jul/29/department-for-education-police-hackers-cybercrime,2,-79.8839001,-2.1709564,2026-07-29T23:18:05.399722+00:00
0eb85a169c8177c1cfc743d6cf54402bf705908f9ca8760a6b806f2bded07d45,Senate unanimously passes resolution opposing pardon for Ghislaine Maxwell,"<p>Longtime Epstein associate serving 20-year sentence for sex-trafficking crimes has exhausted series of appeals </p><p>The US Senate on Wednesday unanimously passed a resolution declaring its opposition to any presidential pardon for <a href=""https://www.theguardian.com/us-news/ghislaine-maxwell"">Ghislaine Maxwell</a>, the longtime <a href=""https://www.theguardian.com/us-news/jeffrey-epstein"">Jeffrey Epstein</a> associate who is currently serving a <a href=""https://www.justice.gov/usao-sdny/pr/ghislaine-maxwell-sentenced-20-years-prison-conspiring-jeffrey-epstein-sexually-abuse"">20-year prison sentence </a>for sex-trafficking crimes.</p><p>Introduced by Senator Jacky Rosen, a Democrat of Nevada, the <a href=""https://www.rosen.senate.gov/wp-content/uploads/2026/02/MaxwellResolution_2.12.2026.pdf"">resolution </a>states that Maxwell “should not be granted a Presidential pardon or any form of clemency for her crimes with Jeffrey Epstein relating to the sexual exploitation and abuse of minors”.</p> <a href=""https://www.theguardian.com/us-news/2026/jul/29/ghislaine-maxwell-pardon-senate-resolution"">Continue reading...</a>",https://www.theguardian.com/us-news/2026/jul/29/ghislaine-maxwell-pardon-senate-resolution,0,-98.5795,39.8283,2026-07-29T23:18:05.401322+00:00
ec4e7ee8c386b3e3e33d0e8ea72fedca2a9a604f05147ff3e817d54cd8e6ced8,Deadly attack on Pakistan checkpoint leaves 15 dead as militant violence surges,"The assault in Khyber Pakhtunkhwa comes days after another deadly clash in the volatile border province, where authorities have blamed a growing wave of attacks on militants operating from neighbouring Afghanistan.",https://www.france24.com/en/asia-pacific/20260729-deadly-attack-on-pakistan-checkpoint-leaves-15-dead-as-militant-violence-surges,2,28.1158218,-25.4737436,2026-07-29T23:18:06.733816+00:00
6d8f27577f67726be20dad00393632cc14616551320fd59e1c70e89f1c6d7765,Zelensky warns of possible major Russian strike overnight,"The warning comes as Kyiv pushes its allies for additional Patriot interceptor missiles, which Ukraine says are crucial to countering a surge in Russian ballistic missile attacks.",https://www.france24.com/en/europe/20260729-zelensky-warns-of-possible-major-russian-strike-overnight,6,105.3188,61.524,2026-07-29T23:18:06.742600+00:00
1d249c43a4aa0be280aa88fe635f3495c0a3f9f2f78031c5f1aef12f2325c837,"Drone hits storage tanker at Egyptian port in major Middle East escalation, security firm says","A drone hit a U.S.-owned gas storage tanker at Egypt's Mediterranean port of Damietta, British maritime security firm Ambrey said in an initial assessment on Wednesday, and U.S. President Donald Trump vowed to retaliate against Iran for an overnight attack, as the Middle East conflict appeared to expand beyond its main fronts. FRANCE 24's Fraser Jackson reports from Washington.",https://www.france24.com/en/drone-hits-storage-tanker-at-egyptian-port-in-major-middle-east-escalation-security-firm-says,2,53.688,32.4279,2026-07-29T23:18:06.743406+00:00
b37fc1d1210026e6c84b15b71258ffae3cb8f4b1fe26b467084edecbda1f71f4,From deer to hedgehogs: Wildfires devastate France's wildlife,"As wildfires continue to tear through southwest France, thousands of wild animals are paying the price. Unable to outrun the flames or left without food and water, many have perished while others are being rescued by firefighters and volunteers.",https://www.france24.com/en/video/20260729-wild-animals-first-victims-of-raging-wildfire-in-southwest-france,0,-98.5795,39.8283,2026-07-29T23:18:06.754947+00:00
128d7e140e6ada971644808fc0828a49200c96dd379f6189ca22eabc5a8a0463,Trump tries to take action in the Middle East ahead of midterm elections,"The US and Saudi Arabia jointly struck Iran-backed militias on July 29 in a move that widens the conflict in the Middle East. This comes a day after the US president met with the Israeli prime minister for the first time since they started their military campaign on Iran. As the midterm elections comes closer, Donald Trump is looking to take decisive action in the conflict. FRANCE 24's Angela Diffley tells us more.",https://www.france24.com/en/video/20260729-trump-tries-to-take-action-in-the-middle-east-ahead-of-midterm-elections-1,0,53.688,32.4279,2026-07-29T23:18:06.755427+00:00
d072e9107b98dd2b9a5554e51dbea8f5c9a1f5bfd6bdb0ab523d1266aa984a13,'Rethink the forest' amid unprecedented wildfires: Return to 'ancestral ways of managing the land'?,"Stuart Norval welcomes Jean-Luc Gleyze, President of the Departmental Council of the Gironde, and Stéphane Delpeyrat-Vincent, former firefighter and founder of WARUCENE, a research firm specialising in wildfire prevention. The Gironde wildfires expose the growing challenges of land management in a warming world. Offering complementary perspectives, Jean-Luc Gleyze, speaking from the front line of the emergency response, presents the fires as a test of social solidarity, institutional coordination, and public resilience. By contrast, Stéphane Delpeyrat-Vincent argues that increasingly destructive wildfires are not simply emergencies to be fought, but symptoms of a deeper structural failure: landscapes managed for a climate that no longer exists. Together, their analysis suggests that the challenge is no longer simply to improve firefighting capacity, but to rethink forests, communities, and urban planning in an era of accelerating climate change.",https://www.france24.com/en/rethink-the-forest-amid-unprecedented-wildfires-return-to-ancestral-ways-of-managing-the-land,2,18.0461016,59.3434968,2026-07-29T23:18:07.649835+00:00
cded9dc1b87be62c0f749ce85dc3146bd737c540daf0db69ba8921d4f7904f16,"US and Saudi Araba jointly strike Iraq, widening the conflict","The US-Israel war on Iran is widening once again, with the US and Saudi Arabia launching joint airstrikes on Iran-backed armed groups in Iraq. Earlier, Tehran targeted US bases in Jordan and ships in the Strait of Hormuz. President Donald Trump is now vowing further retaliation, raising fresh concerns that the conflict is entering a dangerous new phase.",https://www.france24.com/en/us-and-saudi-araba-jointly-strike-iraq-widening-the-conflict,4,53.688,32.4279,2026-07-29T23:18:07.652074+00:00
6fe275a395904e2e33f8ae9f50ed7eed6c74dc077df4913f1dd73ba6e561edd8,"Cats, dogs and horses: Rescuing the pets caught in France’s wildfires",An uncontained wildfire four times the size of Paris has forced thousands to evacuate their homes in the fire-ravaged region of Gironde in southwestern France. Many of the evacuees were forced to leave their pets behind amid the ensuing chaos. Our special correspondent in Gironde reports on the volunteers dedicated to rescuing the four-legged victims of the catastrophic wildfires.,https://www.france24.com/en/france/20260729-cats-dogs-and-horses-rescuing-the-pets-caught-in-france-s-wildfires,0,-98.5795,39.8283,2026-07-29T23:18:07.652346+00:00
a48ddb2a185e5428f654458d8cbd92634d2e18390e1651469e4ac43fffffc8d0,'Two options' for Trump in Middle East war: 'he waits or he escalates massively',"US President Donald Trump confirmed on Fox News that the US and Saudi Arabia coordinated attacks on Iran-backed Iraqi militias with the Iraqi government itself. But Iraq has called the strikes a 'blatant violation', and its prime minister has called off a meeting with the Saudi Prince Mohammed bin Salmane due to the attack. This comes as the US struggles to put an end to the war with Iran. FRANCE 24's Angela Diffley tells us more.",https://www.france24.com/en/two-options-for-trump-in-middle-east-war-he-waits-or-he-escalates-massively,6,53.688,32.4279,2026-07-29T23:18:07.652579+00:00
1cc76b185155a8c34e2b605fa3c6b65493d31753c4349b3c2753a42e369b6424,Drones and bulldozers: how the army is helping battle the blaze in France's southwest,"Some 1,500 French soldiers have been deployed to help combat the Gironde fire. A team of France Television reporters was granted permission to embed with some of them to see how they help support local firefighters. From widening forest trails to helping identify hotspots, potential looters or civilians trapped by the flames, they are proving useful support to firefighters.",https://www.france24.com/en/drones-and-bulldozers-how-the-army-is-helping-battle-the-blaze-in-france-s-southwest,0,-6.35,55.1,2026-07-29T23:18:08.821605+00:00
8cd86bdb6739d0b482b7f7abcd7ac108ef9e0434b616cc777ad170d8daf0034e,Japan searches for earthquake survivors as thousands evacuate,"After a magnitude 7.1 earthquake struck Japan on July 28, the country's prime minister said 13 people had died so far and many were injured. The rescue work is ongoing to find those still missing. The earthquake struck the Kumamoto area on the southern main island of Kyushu, forcing over 260,000 people to evacuate. Roads were ruptured while homes across the region saw power knocked out.",https://www.france24.com/en/japan-searches-for-earthquake-survivors-as-thousands-evacuate,0,-98.5795,39.8283,2026-07-29T23:18:08.823616+00:00
088ff1dc2d1cc106531b0b292498109ac6ae5e8f9374e90480546345c644dce0,South Sudan: Abuse of Civilians in Western Equatoria,"Click to expand Image
          



  
        
  

        
                      
      
        
              Makeshift shelters for communities displaced from Nagero County to Bazia, Wau County, South Sudan, November 18, 2025.
                    © 2025  Joe Falzetta
          
    


  
South Sudan’s  army, opposition forces, and their respective allied militias abused residents and caused much of the population to flee during fighting in 2025 in Nagero County, Western Equatoria.Civilians have returned to Nagero town and environs, but continue to live in fear, and the government has continued to limit aid access into Nagero County as in other conflict-affected areas in the country.  The government should suspend commanders credibly implicated in abuses, guarantee safe, immediate humanitarian access throughout Nagero County, and facilitate the safe and voluntary return of those displaced.&nbsp;<p>(Nairobi) –&nbsp;South Sudan’s army, opposition forces, and their respective allied militias abused civilians causing much of the population to flee during fighting in 2025 in Nagero County, Western Equatoria, Human Rights Watch said today. The abuses include intentional killings of civilians, rape and torture, or other cruel treatment that constitute war crimes.</p><p>Western Equatoria state has been the site of repeated fighting between the army and opposition forces&nbsp;since 2018, with both parties carrying out serious abuses against civilians. From January to February 2025 and then again from September to November 2025, South Sudan’s army–South Sudan People’s Defence Forces (SSPDF)–clashed with the Sudan People’s Liberation Army-in-Opposition (SPLA/IO) in Nagero County. During and after the clashes, government forces and allied fighters summarily executed at least eight civilians, including children; raped women; subjected other civilians, including detainees, to ill-treatment after accusing them of supporting the opposition; and burned and pillaged civilian property.&nbsp;</p><p>“Government forces and allied militia carried out serious abuses against civilian communities in Nagero County, leaving many with nothing to return to,” said&nbsp;Laetitia Bader, deputy Africa director at Human Rights Watch. “The government needs to investigate these violations promptly and effectively, and hold the leaders of these forces to account.”</p><p>Between March 2025 and June 2026, Human Rights Watch interviewed 31 survivors and witnesses from Nagero County, and 6 other sources. Some of those interviewed had been displaced to other areas, notably to Wau and Bazia (Western Bahr El Ghazal), and Juba, the country’s capital. Human Rights Watch also analyzed satellite imagery showing active fires or burn marks over several villages in Nagero County during January and February 2025. Civilians have returned to Nagero town and environs, but continue to live in fear, and the government has continued to limit aid access into Nagero County as in&nbsp;other conflict-affected areas. Human Rights Watch wrote to the army’s Chief of General staff on July 2, 2026, with preliminary research findings. The letter was reportedly forwarded onto the office of the Minister of Defence but received no response.&nbsp;</p><p>In January 2025, the army seized an SPLA/IO controlled checkpoint at a strategic bridge known as Kubri-Bo, triggering clashes. Thousands of civilians fled. On February 7 and 8, as government forces moved from the Kubri-Bo checkpoint south to their main barracks, soldiers detained and killed two school students and burned civilian property in Nagero town and surrounding areas.&nbsp;</p><p>On September 28, opposition forces attacked the Nagero town army barracks, prompting additional deployment of government forces. The UN&nbsp;reported that as of late September, at least 21,000 people had fled. In the weeks that followed, the army and allies summarily executed civilians, raped women, arbitrarily detained others, accusing them of supporting the opposition, and destroyed civilian property and infrastructure.&nbsp;</p><p>On October 6, government soldiers went to a makeshift camp where people had fled, ordering them to return home, witnesses said. The soldiers then killed six civilians, including three boys, they rounded up at the camp.&nbsp;</p><p>One man who witnessed the killings, said that 30 soldiers with “12 machine guns, RPGs and AK47s” took him, 4 other men and 4 boys away from the camp into the bush: “Soldiers tied us together two by two. At this time, one man escaped and soldiers ran and shot at him. The soldiers took a step back and took the big machine guns with bullets in a long chain. Then the soldier in charge gave the order to shoot.” The witness and one other survived. Government forces also pillaged and burned civilian property in and around the town and looted and damaged infrastructure, including health facilities and schools.&nbsp;</p><p>On September 29, five government soldiers went to the house of a 19-year-old woman in Lindi neighborhood and set alight six of her family’s houses and a food store. “Our home was burned to ashes,” she said. “They burned our clothes, mattresses, plastic chairs. We were planning to open a restaurant…they burned food such as new groundnuts and cassava flour.”</p><p>Government forces also beat and otherwise ill-treated and detained civilians, including in military barracks, as they tried to flee or after they returned home, often accusing them of being rebel fighters or supporters. Civilians began returning home around mid-October 2025, in response to warnings from the military that people found in the bush would be considered SPLA/IO fighters or collaborators, as well as deteriorating conditions in displacement areas.&nbsp;</p><p>Two women told Human Rights Watch that government soldiers raped them when they returned home. A 27-year-old woman said that government forces gang raped her and another woman near the Nagero army barracks on November 12. “Three of us were getting vegetables when we met five soldiers,” she said. “One woman threw her vegetables on the ground and ran away. The soldiers then warned the two of us, ‘If anyone runs, we will shoot them.’ They said, ‘Take off your clothes.’ Three soldiers raped us one after the other.” She said she had reported the attack to the neighborhood chief who then reported it to an army commander, but as far as she was aware, no action had been taken.</p><p>Multiple people interviewed and experts said that the army’s&nbsp;Division Six forces, along with special forces known as Mobile II, under commander James Nando, were reinforcements for locally posted army units throughout the violence. Media reports corroborated this. Nando had&nbsp;defected from the SPLA/IO in 2020, bringing&nbsp;a group of fighters with him, and has since been deployed alongside government forces. The US Treasury&nbsp;designated Nando on its sanction list in June 2023 for conflict-related sexual violence.&nbsp;</p><p>Opposition forces carried out attacks in and near civilian areas during the violence. One man said he was abused by armed men whom he suspected to be SPLA/IO forces or their allies because of their language. The man, age 52, said three-armed men beat him, his wife, and his nephew on October 21 at their home. They handcuffed the two men, marched them off into the bush where, the witness said, “They untied my hands and one pointed a gun at me. I started crying and praying and one said, ‘Are you not a man, why are you afraid to die?’…He took a step back aimed for my chest, his colleague pushed the gun away, but he shot my leg.”&nbsp;</p><p>In April 2026, the&nbsp;Integrated Food Security Phase Classification, a global group that includes UN agencies, humanitarian organizations, and other expert stakeholders,&nbsp;reported that insecurity in Nagero County still restricts people’s access to markets and farms.&nbsp;“How many times are we told to come home and that there will be no more fighting?” one person said. “But when people go back the SSPDF come and kill us and take our property. We run, leave our homes and when we get back, we find we have nothing to return to. How can we live like this and for how long?”&nbsp;</p><p>The South Sudanese government should take immediate action to end all abuses against civilians by its armed forces including suspending commanders credibly implicated in abuses pending inquiry; conduct independent, impartial, effective investigations, and publicly report on their findings, Human Rights Watch said. The government should also guarantee safe, immediate humanitarian access throughout Nagero County and facilitate the safe and voluntary return of those displaced.&nbsp;</p><p>The SPLA/IO should strictly observe its obligations under international humanitarian law, including to take all feasible precautions to avoid and in any event to minimize harm to civilians, such as during attacks on bases located near civilian areas that could foreseeably expose civilians to retaliation or crossfire. They should also immediately end all abuses against civilians, including those it accuses of links to the army.&nbsp;</p><p>The UN peacekeeping mission in South Sudan (UNMISS) should continue to deploy regular protection patrols and human rights monitoring missions to Nagero county. Donors should continue to press the government to allow safe and immediate access throughout conflict-affected areas, and increase assistance to Nagero County.&nbsp;</p><p>The African Commission on Human and Peoples’ Rights should consider undertaking a promotional or fact-finding engagement on the protection of civilians and accountability in South Sudan and report its findings to the AU Peace and Security Council. On its part, the Peace and Security Council should request regular reporting from the AU Commission and African Union Mission in South Sudan on civilian protection including in Western Equatoria, and publicly assess progress on the implementation of&nbsp;accountability mechanisms stipulated in the peace agreements, including the establishment of the Hybrid Court for South Sudan.&nbsp;</p><p>“Government authorities should ensure that communities repeatedly displaced in Western Equatoria are able to return home safely,” Bader said. “They can start by removing and holding to account abusive commanders and forces, and guaranteeing safe, immediate aid access.”</p>



      


  
  




  
          
                  


                  
          Click to expand Image
          



  
        
  

        
                      
      
        
                    ©2026 Human Rights Watch
          
    


  
<p>Longstanding tensions in Western Equatoria, including Nagero county between the South Sudan People’s Defence Forces (SSPDF) and the Sudan People’s Liberation Army-in-Opposition (SPLA/IO), have been compounded by tensions between the Balanda and Azande communities, widely perceived as aligned with the opposition and the government, respectively. Nagero County is predominantly inhabited by Balanda, while James Nando is Azande.&nbsp;</p><p>After government armed forces on January 6, 2025, took Kubri-Bo–a strategic junction linking Nagero and Tambura, in the south, to Wau, toward the north, fighting broke out between the warring parties and intensified after President Salva Kiir&nbsp;dismissed Western Equatoria Governor Alfred Futuyo Karaba, an SPLM/IO nominee and ethnic Balanda, and replaced him with a government-aligned candidate.&nbsp;</p><p>Government reinforcement soldiers&nbsp;came from Division 6 under&nbsp;General James Akech Adim and Nando’s forces stationed in Tambura and Maridi. This was&nbsp;reported as part of a broader government effort to clear SPLA/IO checkpoints along this road.&nbsp;</p><p>Fighting reignited on September 28 when&nbsp;the SPLA/IO forces attacked military barracks in Nagero town, and again on October 6, with violence continuing through mid-October.&nbsp;</p><p>While witnesses and survivors of abuses described below were not always able to identify their attackers, many attributed most abuses described in this report to government forces, because of their uniform or insignia, their language and vehicles, and which forces controlled the area at a given time.</p>Killings, including Summary Executions, Injuries of Civilians&nbsp;<p>Government forces and allies killed civilians, including summarily executing at least eight, during the violence in February and October 2025.</p><p>On February 7, as government forces withdrew from Kubri-Bo along the main road through Nagero Town, a 51-year-old man saw “four cars full of government soldiers” arrive at the Nagero town market. “The soldiers started beating people and shooting in the air and at people,” he said. “Before I could close my shop, they shot [dead] a man with a mental health condition. One soldier [then] came and shot me in the leg without saying anything. I remained on the ground until morning.” He saw the forces looting and burning shops and homes as they moved along the road through the town.</p><p>The forces spent the night in the town’s barracks.&nbsp;</p><p>On February 8, as they left their barracks, the soldiers detained and badly beat two young men, Jackson Erneo Kumbo and Stephen Natale Diko, students at a local secondary school, and then took them away.&nbsp;“I saw them forcing the two boys [young men] to sit down on the main road, beating them, with sticks and the back of machetes,” a witness said. “They took both their phones.”</p><p>That afternoon, the witness found the young men’s bodies riddled with bullets, 40 kilometers away. “Stephen’s head was badly injured, it was horrible, part of his face was missing. […] His body had also been burned along with the grass around. Jackson was shot in the chest, and […] his right hand and right leg were also broken.” Fearing government forces would return to Nagero town, relatives waited until early the following morning to bury them.&nbsp;</p>October 6 executions<p>In the early afternoon of October 6, 2025, in Nagero town, about thirty heavily armed soldiers arrived at makeshift camps where people had sheltered for over a week, three witnesses said. One witness said that six soldiers looted his cash and phones and warned him to return to town.&nbsp;</p><p>The soldiers detained the local chief, Jacob Paingbayo Carmello, who was in the camps, and took away four other men and three boys into the bush area, killing all but two men.</p><p>One man who escaped said, “When they tied us, they started firing. They shot many bullets at a go.” He said that the child who had been tied to him, called Saviour, was facing the soldiers and was shot first. “We both fell. I [managed to cut myself away] and started running. The area was full of trees, [bushes]. As I ran, the machine gun also shot towards me. I could see leaves falling around me, but no bullet hit me.” Saviour had been shot dead.&nbsp;</p><p>The other survivor said, “When they shot us, someone fell on top of me and I fell unconscious. I lay in that position until the next day. In the evening, I tried to get up and found I had been shot in the thigh and buttocks. The other bodies were starting to smell, and maggots were falling off my body when I moved. I tried to leave that place and started crawling.” He later realized he had been lying on his son’s body. &nbsp;</p><p>The army told the media that they had not killed civilians, claiming that those killed were fighters in civilian clothes.</p><p>A young woman and her brother returned to Nagero and were repairing their roof when two soldiers confronted them on October 30. The soldiers questioned her brother, saying: “‘When did you come to this house? We have been patrolling here for the last month, and nobody has been living here.’” Her brother said they had fled with other residents when the violence began and just returned.&nbsp;</p><p>The woman said, “The soldiers said, ‘If you fled, that means you are a rebel.’ They started beating him with a rubber stick and their guns. [My brother] told me in our language to run, while he fought the soldiers. He grabbed a knife from one soldier and stabbed him in the stomach. The other then shot [my brother] repeatedly in the chest and he fell down.”&nbsp;</p><p>Her brother died and the soldier later died of his injury.</p>Abusive, Arbitrary Detention; Other Ill-Treatment&nbsp;<p>People interviewed said that they were arbitrarily arrested and held in military barracks, beaten and ill-treated by soldiers as they fled the violence or when they returned home. The forces often accused civilians of supporting the opposition forces.&nbsp;</p><p>A 54-year-old man said he was detained on September 28, 2025, taken to the prison in Nagero town and accused of supplying the SPLA/IO with food and medicine. He said soldiers beat him twice a day with a rubber pole or stick for 11 days in a row. He was denied food and water for the first two days. He said, “Water would be poured on me, and I would be given 120 lashes on my buttocks and back. This only stopped when a new captain took over.” The man was released after a church representative intervened.&nbsp;</p><p>Once he returned home, harassment by soldiers still in the area forced him to flee: “The soldiers did not allow us to live freely or work in our farms. They could beat anybody they got. They said anybody who lived in that area is SPLA/IO and they will be shot or arrested.”&nbsp;</p><p>A 45-year-old woman said soldiers detained her on October 7 in Nagero town along with her mother and eight other women, holding them for three days at their base at Kubri-Bo. “The men were kept separate and I did not see them until I left. The women [were made to] fetch water and cook beans for the soldiers.”</p><p>A 31-year-old woman who sheltered in a makeshift camp, which she said was protected by the opposition forces, left on October 7. Government forces stopped her group, she said, and asked, “Where we came from, what we saw in the IO camp, whether we were wives and children of rebels, why we ran from our homes. They beat people with rubber pipes and beat two boys with the backs of their guns. The soldiers asked them for money, but they said they didn’t have and that they were students. The soldiers then said, ‘Oh you are the true rebels.’ They were beaten badly.”&nbsp;</p>Rape and Sexual Violence&nbsp;<p>In addition to the two women mentioned above who were raped when they returned home, a 25-year-old woman said she and another woman were gang raped while collecting firewood with two other women in late October:</p><p>One soldier climbed up a tree maybe to keep watch. Three soldiers took the woman in her 30s a small distance and raped her there. Another soldier tied the other woman, in her 50s, with a rope on her hands and feet and left her seated. Two soldiers started tearing my clothes and pushing me to the ground. I tried to refuse and they beat me and pointed a knife and a gun at me saying, ‘If you disturb, we will finish you.’ When they were done, the [lookout] soldier came down from the tree, beat, slapped and also raped me.&nbsp;</p>Burning, Looting, Destruction of Civilian Property&nbsp;<p>During the violence in February, September, and October, 2025, government forces looted food stores, as well as other private and public property.&nbsp;</p><p>Witnesses to both episodes said soldiers deliberately burned their property and burned homes including grass thatched houses, notably along the road through Nagero town and surrounding villages. Others said they were not sure if some burning was the result of crossfire, or had spread from other fires started by the soldiers such as when they burned grass along the roadsides to deprive opposition fighters of coverage. &nbsp;</p><p>A civil society representative documented homes being burned in multiple neghborhoods&nbsp;on February 7 and 8 including in Awolbot, Bandala, Bangaru, Diayanga, Kpangu, Mapiso Naagbagi, Nakptaguru, Nakpanangbara, Ngoi, Maringindo, and Zamoi.&nbsp;</p><p>Human Rights Watch analyzed satellite imagery from the morning of February 7, 2025, showing smoke plumes over Nakptaguru, a village four kilometers north of Nagero town. Imagery from the following day shows active fires in the northwest part of Nagero town and over Maringindo village, about nine kilometers south on the road to Tambura.&nbsp;</p>



      


  
  




  
          
                  


                  
          Click to expand Image
          



  
        
  

        
                      
      
        
              Short-wave infrared visualization of satellite imagery from February 8, 2025, shows active fires and smoke plumes over Nagero and Maringindo, Western Equatoria, South Sudan.
                    Image ©2026 Copernicus. Sentinel-2 data. Graphics ©2026 Human Rights Watch
          
    


  
<p>People interviewed and activists said that government forces again burned civilian property on September 28 and 29.&nbsp;</p><p>On September 29, nine government soldiers stopped a man, 29, as he fled with his family. They forced them to return home in Nakptaguru neighborgood and beat him in front of his children: “[They said] ‘If you are not a rebel, why are you running away?’ They started beating me with ropes, with their hands and guns, my children started crying.” They looted cassava, groundnuts, millet flour, and chickens, and other civilian goods and infrastructure, and burned down his two houses.&nbsp;</p><p>In addition to the burning, the forces also stole personal goods from civilians, and damaged and looted civilian property.&nbsp;</p><p>The 27-year-old woman beaten alongside her stepmother said the soldiers stole her father’s bicycle and radio, and the battery from a solar panel, then burned their homes.&nbsp;</p><p>The 54-year-old man who was detained on September 28 and taken to a prison in Nagero town said the soldiers first looted three new bicycles, two 20-liter jerricans of petrol, solar batteries and lamps, and a big box with medicines. &nbsp;</p><p>People interviewed said that government forces also damaged and looted healthcare and education facilities.&nbsp;</p><p>A 56-year-old man who guarded a small health facility said that on September 28, soldiers attacked the facility, beat patients, doctors and nurses, and looted it. He said that four soldiers entered the facility: “They…pushed [the doctor] down using a gun. They broke down the door, found medicine and set it on fire. Then…took a laptop, and removed six installed solar batteries. Two climbed the roof and took down nine solar panels and three new batteries in cartons. They forced the doctor and other people…to carry the looted goods.”</p><p>A 58-year-old man said that 15 soldiers, some in uniforms and others in civilian clothes, arrived in a military pick-up truck and Landcruiser on October 7 at the Nagero primary school: “One jumped from the truck and started shooting bullets in the air then he opened the school gate. I…[hid] but could see them clearly. They broke into classrooms, into offices and into stores using iron bars. They broke windows and took everything they could find into the cars and then they drove off.”&nbsp;</p>Humanitarian Impact, Aftermath of Violence&nbsp;<p>After clashes broke out on September 28, 2025, some civilians fled into army barracks in the town while many fled into the nearby bush and forest, then further afield. REACH, an organization that provides humanitarian data,&nbsp;reported that displaced community leaders and elders said that the entire population of eight neighborhoods of Nagero Payam was displaced, with local authorities reporting that 16,000 people were sheltering around a church in Bazia town alone. Thousands remained displaced into 2026.&nbsp;</p><p>Displacement was particularly harsh on older people, people with disabilities, and pregnant people.&nbsp;</p><p>A 34-year-old man said that when he fled toward Bazia in late September a journey of four to seven days on foot, five older people died on the way apparently from illness and inadequate food, and one woman died after childbirth. A health official said that a 67-year-old man who was unable to walk due to severe rheumatism was left behind for two months after his family fled the September violence. “The man’s remains were found when people returned to visit in November,” the official said. He also said a blind man in his 70s died in mid-October in the bush after his grandson fled leaving him alone.&nbsp;</p><p>Media reported in January 2026 that the looting of health facilities had compounded an already struggling health system, forcing patients to travel long distances or rely on traditional remedies that they might not have otherwise prioritized if other medical care was available.&nbsp;</p><p>A survivor from the October 6 executions said that when he eventually returned to Nagero, one of his children fell ill, “I took him to the health facility, and found [it] empty. There was a bed but no mattress.” A medical volunteer said he cried when he saw the state of the main health facility in Nagero town and that as of June 2026, while they had received some very basic supplies, they had no lighting because they had not been able to replace the solar panels that had been destroyed, or other basic supplies such as bandages.&nbsp;</p><p>A school official said all the schools in the town were damaged or looted, adding that only half of the schools in and around Nagero were functioning as of June 2026 because teachers have not returned: “Pupils lack exercise books, people who return have no money to buy these things.” A survivor of the October 6 executions said they have still not been able to harvest crops and so he cannot afford to send his children back to school.&nbsp;</p><p>The Integrated Food Security Phase Classification warned in April 2026 that an already critical nutrition situation in Nagero county was expected to deteriorate further through July because of ongoing insecurity.&nbsp;</p><p>Two witnesses of the October 6 summary executions say they have seen some of the same soldiers involved in the incident around the town. A relative of the two students killed on February 8 said that he reported the case, but over a year later no investigation has taken place, and he cannot even afford to build a tombstone for the two. “Every morning I wake up and see the spot where we’ve buried them, we’ve not built with cement, just with soil,” he said. “It rains on top of it.”</p>",https://www.hrw.org/news/2026/07/29/south-sudan-abuse-of-civilians-in-western-equatoria-0,6,-98.5795,39.8283,2026-07-29T23:18:09.751863+00:00
e475bbd310bc5ce2d99484c39bbdf2cfdcf8fb6f68859bb6829a62d8f56c7934,Bangladesh: Fair Trial Concerns at Tribunal,"Click to expand Image
          



  
        
  

        
                      
      
        
              Bangladesh military personnel guard the International Criminal Tribunal in Dhaka, Bangladesh, November 17, 2025.
                    © 2025 Mamunur Rashid/NurPhoto via AP Photo
          
    


  
<p>(London) –&nbsp;Bangladesh authorities are failing to uphold international legal standards at the country’s International Crimes Tribunal, Human Rights Watch said today. The failures risk denying justice to victims, undermining the rule of law, falsely imprisoning political opponents, and repeating the rights violations of the past.</p><p>On July 27, prosecutors submitted charges against 41 people for crimes against humanity and genocide. The tribunal is prosecuting individuals, including politicians, members of security forces, and even journalists, accused of serious human rights violations under former Prime Minister Sheikh Hasina’s Awami League government, which was toppled by protests in 2024 after over 15 years of increasingly authoritarian rule.</p><p>“Those responsible for the many abuses committed under the Sheikh Hasina government should be appropriately held to account, but many prosecutions are falling short of international fair trial standards,” said&nbsp;Meenakshi Ganguly, deputy Asia director at Human Rights Watch. “Bangladesh needs to urgently reform its criminal justice system, and the new government should ensure that there is no room for political vendettas through shoddy investigations and arbitrary allegations.”</p><p>The tribunal is hearing cases related to the security forces crackdown on student-led protests in July and August 2024, resulting in&nbsp;over 800 deaths and thousands of serious injuries, which ultimately toppled the Awami League government. The tribunal is also prosecuting other abuses, including alleged extrajudicial killings and disappearances, committed during Hasina’s rule.</p><p>Human Rights Watch monitoring of over a dozen cases being prosecuted by the International Crimes Tribunal—a domestic tribunal mandated to try serious crimes under international law—raises significant concerns regarding due process. Prosecutors have detained and charged individuals for alleged crimes and in multiple cases relied on witness statements in which incriminating passages appear to have been cut and pasted into multiple statements.</p><p>Since the fall of Hasina’s government, the tribunal has completed 6 trials, resulting in the conviction of 62 people for crimes against humanity; 42 were tried in absentia, including&nbsp;Hasina herself; and 16 were sentenced to death.</p><p>The tribunal was first established by Hasina’s government in March 2010, to prosecute individuals who had allegedly committed crimes under international law, such as crimes against humanity, in support of the Pakistan military during Bangladesh’s 1971 war of independence. Those trials, which resulted in six executions, were&nbsp;widely criticized for lack of evidence, political bias, collusion between prosecutors and judges, and absence of basic due process protections.&nbsp;</p><p>After Hasina’s government was toppled by protesters in 2024, an interim government amended the law governing the tribunal, altering the definition of offenses under its jurisdiction to comply with international standards. However, these amendments&nbsp;fell short of ensuring due process and procedural standards equivalent to international courts dealing with similar offenses, Human Rights Watch found. The current administration led by Prime Minister Tarique Rahman’s Bangladesh Nationalist Party was elected in February 2026 and made no further amendments.</p><p>The law governing the tribunal still allows prosecutors to order the arrest of individuals without meeting any evidential threshold, to hold detainees for months without written reasons for their detention, and to provide no right of interlocutory appeal to a separate court. Trials can begin three weeks after the prosecution discloses its evidence, leaving little time for adequate defense preparation. Trials in absentia are held without appropriate safeguards including defendants’ right to choose lawyers to represent them. And the tribunal restricts defense lawyers’ ability to cross-examine witnesses.</p><p>On May 14, the tribunal ordered the arrest of two journalists&nbsp;for their reporting on a May 2013 protest by a fundamentalist group called Hefazat-e-Islam. While human rights groups&nbsp;had reported excessive use of force that killed several protesters, the prosecutors accused Mozammel Babu, managing director of Ekattor TV, a network that supported the then-Awami League government, and Farzana Rupa, a prominent presenter, of helping the government cover up the killings by presenting “false information.”&nbsp;</p><p>The journalists’ lawyers told Human Rights Watch that the prosecutors did not provide either journalist with a written explanation of the grounds for their arrest, in breach of Article 14 of the International Covenant on Civil and Political Rights, and as required by Bangladesh’s International Crimes (Tribunal) Act.&nbsp;</p><p>On July 27, the prosecutors included the 2 journalists among 41 people listed in charges submitted to the Tribunal, accusing them of crimes against humanity, and also genocide. Under international law, genocide is defined as certain acts committed with the intent of destroying, in whole or in part, a national, ethnic, racial, or religious group as such.&nbsp;</p><p>Human Rights Watch has found that tribunal prosecutors and judges are relying on statements recorded by investigating officers that contain passages duplicated across multiple statements, casting doubt on their authenticity.</p><p>One example is the case of Dr. Muhammad Hasan Mahmud Chowdhury and others, in which the tribunal set out&nbsp;three charges against 22 Awami League politicians and activists over killings in Chittagong city center on July 16 and 18, and August 4, 2024. A key part of the prosecution’s evidence are 55 witness statements that have been made public.&nbsp;</p><p>One six-line passage, which appears almost word-for-word in fourteen separate statements, claims that seven named politicians had through their “planning, financing, provocation and instructions” used “Awami League terrorists” to kill six people. A second, longer passage, which appears virtually identically in nine further statements, claims that six of the accused had repeatedly made “provocative statements,” branded the protesters “militants, terrorists, and communal agitators,” and instructed the sixteen other accused to “use maximum force to suppress the movement and explicitly ordered the killing and torture of innocent, unarmed, peaceful students and the public.”&nbsp;</p><p>In this same case, the defense team for one of the 22 accused, ABM Fazle Karim Chowdhury, a senior Awami League politician who is in custody,&nbsp;provided journalists with recordings purportedly of a tribunal prosecutor offering to secure Karim’s bail earlier in the year in exchange for 10 million takas (US$82,000). The prosecutor resigned following the disclosure, but the chief prosecutor’s office has yet to complete its investigation, while the judges have proceeded with framing charges and the trial is due to start on August 6.</p><p>“Bangladesh authorities need to recognize that they cannot repeat the abuses of the past, when the Awami League conducted political witch-hunts,” Ganguly said. “Allegations based on duplicated witness statements, however, show the lack of a credible justice process, which will once again fail victims, their families, and all Bangladeshis.”</p>",https://www.hrw.org/news/2026/07/28/bangladesh-fair-trial-concerns-at-tribunal,6,-98.5795,39.8283,2026-07-29T23:18:09.752240+00:00
f4d21fe5be5775ca999a4b382b2417377fc406372059bfeff0845c3aaa8a01f9,"Indonesia: Environmentalists, Indigenous Leaders Unjustly Prosecuted","Click to expand Image
          



  
        
  

        
                      
      
        
              An Indigenous Dayak villager shows pictures of her rubber plantation destroyed by an industrial logging company during a media interview in Sei Gawing village, Kapuas regency in Indonesia's Central Kalimantan Province, February 12, 2026.
                    © 2026 BAY ISMOYO / AFP via Getty Images
          
    


  
Indonesian authorities are wrongfully prosecuting environmental defenders who protest deforestation and pollution as well as Indigenous leaders who defend their land rights.The Prabowo administration has intensified the crackdown on free expression by expanding the military’s role in state-owned mining, oil palm plantations, infrastructure projects, and so-called food and energy estates.The government should fairly arbitrate disputes over land and environmental damage instead of punishing those who protest abuses.<p>(Jakarta)&nbsp;–&nbsp;Indonesian authorities are pursuing wrongful prosecutions of environmentalists and Indigenous community leaders who protest deforestation and pollution, or defend land rights, Human Rights Watch said in a report released today. Since taking office in 2024, the administration of President Prabowo Subianto has intensified the crackdown on free expression by expanding the military’s role in state-owned mining, oil palm plantations, infrastructure projects, and so-called food and energy estates.</p><p>The 70-page report, “Grabbed Land, Silenced Justice: The Persecution of Environmentalists and Indigenous Leaders in Indonesia,” documents how Indonesian police have responded to complaints filed by company officials or politicians by silencing Indigenous villagers who demand their customary land rights and the activists who defend them. The authorities have targeted environmental and Indigenous community defenders using the criminal code and other laws to bring charges ranging from defamation to “spreading communism” to silence protest over environmental harm.</p>  



      
  



            
        
                        
      
          
      
        
    
      July 28, 2026
            
        Grabbed Land, Silenced Justice

      
      <p class=""media-related__subtitle text-gray-700 text-lg font-serif font-normal leading-snug py-2"">The Persecution of Environmentalists and Indigenous Leaders in Indonesia</p>
    
          
                  
            
              



  
        
  


              <p class=""media-related__item-title font-semibold text-sm pl-4"">Download the full report in English</p>
            
          
                  
            
              



  
        
  


              <p class=""media-related__item-title font-semibold text-sm pl-4"">Download the Summary &amp; Recommendations in Bahasa Indonesian</p>
            
          
                  
            
              



  
        
  


              <p class=""media-related__item-title font-semibold text-sm pl-4"">Appendix: Letters to Indonesian Companies</p>
            
          
              
      


  
<p>“Successive Indonesian governments have sought to silence activists and Indigenous leaders protesting forced displacement, loss of customary land, and deforestation by prosecuting them for baseless crimes,” said Elaine Pearson, Asia director at Human Rights Watch. “The Prabowo government, while cracking down on corporate corruption, has ignored local community grievances and instead deployed the military and other heavy-handed measures to pursue its economic objectives.”</p><p>Human Rights Watch examined more than 50 cases from 2015 to 2025 from the islands of Java, Sumatra, Kalimantan, Sulawesi, and the Moluccas, as well as the 6 provinces of Papua to select 15 high-profile cases as examples of specific laws and legal provisions used to target activists and community leaders, including in&nbsp;SLAPP (Strategic Lawsuit Against Public Participation) actions. The report is based on 69 interviews with villagers, Indigenous leaders, and environmental activists, as well as lawyers, academics, and government officials, and a review of police and court documents.</p><p>The police and prosecutors have accused critics on slender evidence of Criminal Code offenses, Human Rights Watch found. In other cases, the authorities used provisions of the Plantation Law, the Mineral and Mining Law, the Job Creation Law, or the Prevention of Forest Destruction Law. While higher courts eventually rejected most cases, the targeted activists had to spend months rebutting baseless lawsuits.</p><p>Haris Azhar, a human rights lawyer who was eventually acquitted of criminal defamation, said: “I had to spend time and energy overcoming attacks from the oligarchs and the police. I lost opportunities to build my advocacy work and to develop my professional career.”</p><p>Indonesia is the world’s biggest producer of palm oil; a major gold, timber, paper and pulp producer; and the largest supplier of nickel, a key material for making steel and electric batteries. The Prabowo government has deployed the military to build “food and energy estates,”&nbsp;displacing local communities in South Papua.</p><p>Since early 2025, the Prabowo government has&nbsp;seized control of plantations,&nbsp;mining sites, and other resource-rich land on corruption claims, and handed around six million hectares of oil palm plantations, among others, to state-owned companies. But some members of the government task force investigating the companies are themselves facing serious allegations of corruption.</p><p>Under international human rights treaties that Indonesia has ratified, the government has the obligation to uphold the rights to life, liberty, speech, peaceful assembly, and association, among others. The duty to protect includes preventing corporations from committing abuses and taking steps to hold them accountable and provide reparation to victims when they do so.</p><p>Business enterprises have a responsibility under the 2011&nbsp;United Nations Guiding Principles on Business and Human Rights to avoid causing or contributing to human rights abuses. Indonesia's government has drafted but not yet submitted legislation that would legally require companies operating in Indonesia to address the human rights impacts of their operations.</p><p>The Prabowo administration should take steps to end the misuse of the Indonesian criminal justice system to harass, intimidate, and improperly punish environmentalists and Indigenous leaders, Human Rights Watch said. It should ensure prompt and equitable resolution of land conflicts between companies and local communities, especially in places such as Sumatra, Kalimantan, Sulawesi, the Moluccas Islands, and the six provinces of Papua. This includes restoring traditional ownership upon seizing illegal plantations and mining operations after consulting with the Registration of Indigenous Peoples, which has been mapping customary land rights.</p><p>“The Indonesian government needs to make clear that arbitrarily dispossessing communities of their land is no longer business as usual,” Pearson said. “The authorities should fairly arbitrate disputes instead of punishing those who protest egregious abuses.”</p><p>Selected Accounts</p><p>Police arrested James Watt, an Indigenous Dayak farmer, who was living in Seruyan, Central Kalimantan, and championing sustainable agriculture in Jakarta on March 7, 2020, based on complaints by a company that the Dayak villagers had “harvested” palm fruits from a disputed 117-hectare site. Police also arrested two other farmers, Hermanus and Dilik. Hermanus died in police detention after being denied proper medical attention. On June 15, 2020, the Sampit district court found James Watt and Dilik guilty of stealing the oil palm fruits under the Plantation Law, sentencing James Watt to 10 months in prison and Dilik to 8 months.</p><p>“The Indigenous community's rights were lost, and those who dared to question that decision were criminalized,” James Watt told Human Right Watch. “The governor [of Central Kalimantan] wrote a letter, declaring that those 117 hectares were outside the company’s HGU [right to use land]. His letter was simply ignored. The 10 months in prison is not a short time for me. The dramatic arrest in Jakarta, poor prison cells, and losing a friend [Hermanus], they all have a psychological impact. My good name, my time to be with my three children, my responsibility to find food for my family, to take care of my farm, these are losses that I must bear. They grabbed our lands, silenced those that sought justice. The injustice is clear.”</p><p>Haslilin, a homemaker in Torobulu village, South Koname, Sulawesi Island, joined a protest against pollution caused by a nickel mining company on November 6, 2023. The villagers had repeatedly asked the company, as well as government officials, for the environmental impact assessment report (AMDAL), but their demands had gone unheeded. In March 2024, the police charged Haslilin and Andi Firmansyah, another villager, with “hindering” mining operations. On October 1, 2024, the Andoolo district court acquitted them, finding their assertion of a right to a healthy environment legitimate.</p><p>“The company began to dig in 2021,” Haslilin said. “It was okay then, pretty far from the residential areas, but by 2023, it had become unbearable because they were digging very close to our houses. My youngest child has lung problems. Our water is polluted. We were curious how this could have happened and wanted to see their AMDAL [environment assessment report]. But they ignored us. So, I stopped the excavator, climbing the wheel and demanding that the operator show me the document. He did not have it. I was protesting because my village, my environment, is destroyed.”</p><p>Police arrested Sorbatua Siallagan, an elder of the Indigenous Ompu Umbak Siallagan community in Simalungun, North Sumatra, on March 22, 2024, charging him with theft and arson, including burning eight eucalyptus trees belonging to a pulp and paper company. He was detained for seven months, and finally acquitted by the Supreme Court in June 2025. In January 2026, the Indonesian government revoked the company’s permits along with those of 27 others after authorities linked their alleged forest misuse to floods in Sumatra. Siallagan welcomed the government’s actions but said that the company’s security personnel still patrolled the overlapping territory.</p><p>“They wouldn’t let us in” he said. “My friends were angry. The government should let the community return to their land, including for sacred rituals. We ask the government to truly return the land to us.”</p><p>Villagers in the Tumpang Pitu area, Banyuwangi, East Java, organized a protest on April 4, 2017, outside the gate of a gold mining company they alleged had polluted the water, air, and soil, displaying protest banners. The company reported that one banner had a hammer and sickle. Police charged Heri Budiawan, nicknamed Budi Pego, a farmer involved in the protest, with “spreading communism.” On September 4, 2017, the Banyuwangi district court sentenced him to 10 months in prison. He appealed, saying that the banner, which was not presented in court, was not theirs. In October 2018, the Supreme Court upheld the decision, sentencing him to four years in prison. He was granted parole in November 2024. He said the villagers were continuing their fight but were demoralized.</p><p>“I have concluded that it’s impossible to find the truth and to seek justice in Indonesia,” he said “The court has never presented that particular banner, only the photo. Our strength has been weakened.”</p>",https://www.hrw.org/news/2026/07/28/indonesia-environmentalists-indigenous-leaders-unjustly-prosecuted,2,117.8902853,-2.4833826,2026-07-29T23:18:10.660236+00:00
bf98a2633b4e257dc1083bab80ba7c59ad427922e3bf26d85851c0dce0abc034,Strikes Endangering Civilians in Yemen and Saudi Arabia,"Click to expand Image
          



  
        
  

        
                      
      
        
              Smoke rises following an airstrike by Yemeni government forces in coalition with Saudi Arabia on Sanaa International Airport, Sanaa, Yemen, July 13, 2026.
                    © 2026 Reuters
          
    


  
<p>Yemeni government forces in&nbsp;coalition with Saudi Arabia attacked Sanaa airport on July 13 with at least five munitions in a series of airstrikes, three of which directly struck the airport’s only working runway, according to Human Rights Watch’s analysis of satellite imagery. The attack was meant to prevent a flight operated by Mahan Air, a privately-owned Iranian airline, from landing at Houthi-controlled Sanaa airport, according to the Yemeni government.</p><p>Hours later, the Houthis&nbsp;attacked Abha International Airport in Saudi Arabia with dozens of ballistic missiles and drones. The attack was “in response to the Saudi attack against Sanaa airport,”&nbsp;according to the Houthi spokesperson.</p><p>Sanaa airport is the only airport providing international flights to and from Houthi-controlled territory, where the majority of Yemen’s population lives, and serves as a critical entry point for humanitarian personnel and aid.&nbsp;</p><p>The latest round of strikes is the first the Saudi-led coalition has carried out against the Houthis since the start of the United Nations-brokered truce in April 2022. Despite this four-year pause, the strikes are, in many ways, a repeat of attacks seen prior to the truce.&nbsp;</p><p>Between 2014 and 2022, the Houthis&nbsp;attacked airports in Saudi Arabia—attacks that Human Rights Watch found to&nbsp;likely be war crimes—and the Saudi-led coalition carried out attacks on&nbsp;critical civilian infrastructure throughout Yemen.&nbsp;</p><p>Throughout the nearly 12-year armed conflict in Yemen, warring parties, namely the Saudi-led coalition and the Houthis, have killed thousands of civilians and displaced millions living in Yemen. The&nbsp;majority of the population does not have adequate access to food. There has been almost no accountability or justice for the many war crimes and violations of the laws of armed conflict that warring parties committed during this time. Deliberate attacks on objects indispensable to the survival of the civilian population are war crimes.</p><p>As the conflict now enters a new chapter, it is imperative that warring parties are held to account for their violations so that these cycles of civilian harm do not continue to repeat. The Houthis, the Yemeni government, and Saudi Arabia, as well as all other warring parties in the region, should ensure that civilian airports and other critical infrastructure remain protected and focus on ensuring that people’s basic needs are met.&nbsp;</p>",https://www.hrw.org/news/2026/07/28/strikes-endangering-civilians-in-yemen-and-saudi-arabia,8,-98.5795,39.8283,2026-07-29T23:18:10.662858+00:00
7c208f61dea0330425c222d5522ebfa8f7fc2d6209ed291c42949e0d04c59905,Saudi Arabia: New Executions of Ethiopian Migrants,"Click to expand Image
          



  
        
  

        
                      
      
        
              Ethiopian migrants seeking asylum or a better life in Gulf States, walk along a highway to Saadah province to cross into Saudi Arabia, on August 23, 2023 on the outskirts of Sana'a, Yemen.
                    © 2023 Mohammed Hamoud/Getty Images
          
    


  
<p>(Beirut) – Saudi authorities executed five Ethiopian migrants for nonlethal drug-related offenses on July 27, 2026, without due process, Human Rights Watch said today. Saudi authorities have executed at least 17 Ethiopian nationals since the beginning of 2026 on drug-related charges.&nbsp;</p><p>At least 79 more remain at imminent risk of execution on similar charges. Saudi authorities have executed at least 116 people in 2026 as of July 27, according to the European Saudi Organization for Human Rights.</p><p>“Saudi authorities are executing marginalized Ethiopian migrants after court hearings that sometimes barely last a few minutes without a lawyer or a translator,” said Joey Shea, senior Saudi Arabia researcher at Human Rights Watch. “Dozens of vulnerable migrants remain at risk of imminent execution after trials that were barely trials at all, in a system that treats their lives as disposable.”</p><p>Since April, Human Rights Watch has interviewed more than a dozen informed sources about the cases of Ethiopian migrants facing imminent execution for nonlethal drug-related offenses, including two with direct knowledge of the most recent executions. Saudi authorities said the most recent executions were for “smuggling hashish.” The sources said that all five men were from Ethiopia’s northern Tigray region, where&nbsp;rights abuses have&nbsp;persisted and the humanitarian situation remains dire following the 2020-2022&nbsp;armed conflict. Escalating tensions between the Ethiopian federal government and Tigrayan authorities have raised fears of&nbsp;renewed atrocities in the region. The five migrants fled Tigray and had taken the dangerous&nbsp;eastern migration route across the Gulf of Aden to Yemen.&nbsp;</p><p>Human Rights Watch interviewed an informed source with direct knowledge of the cases of the five men, and another informed source corroborated the general facts of the case. One of the sources said that one of the men executed had been living in Yemen for over a year without employment or access to support services when a Yemeni man approached him in March or April 2023 and offered him and the four others a job. The five men were “physically and mentally weak” after their arduous journey from Ethiopia as well as unemployment and poverty and felt they “had to accept that job despite not knowing what the job was,” the source said. The man told them to carry a package with unknown contents a short distance and where to deliver it, and the man then disappeared.&nbsp;</p><p>Saudi authorities arrested them as they walked on the side of a road. They were “surprised to find Saudi soldiers arresting” them because they did not realize they had crossed the border into Saudi Arabia, the source said.&nbsp;</p><p>The men were detained for more than three years in the Khamis Mushait detention facility in the Asir province of Saudi Arabia. They were forced to sign documents in Arabic, a language they did not understand, and only had three court sessions lasting between three and twenty minutes, two of them held remotely. A translator provided by Saudi authorities was present during only two of the sessions, and the migrants were told they would be sentenced to death for smuggling hashish. The men did not have legal representation or an opportunity to provide a meaningful defense.</p><p>During the first court session, the men were informed they could write an appeal letter and submit it to the Saudi security guards at the detention center. Because the men could not read or write Arabic, at least one of them asked a Saudi prisoner to write the appeal letter and had “no idea if the letter was presented to the court or to the judges,” the source said. “The security guard could just throw it into the garbage.”&nbsp;</p><p>The five men were Christians and the sources said that prison officials would not have permitted them to practice their religion. “If the Christians want to pray together, the police come and stop this,” the source said. One of the prisoners also reported that the police forcefully removed a cross necklace, the source said.</p><p>Before the July 27 executions, on June 23, 2026, Saudi authorities had&nbsp;executed five other Ethiopians for allegedly “smuggling hashish.” In one of these cases, a smuggler had&nbsp;forced a man to carry qat, a mild stimulant plant native to Ethiopia, from Yemen into Saudi Arabia as a condition of facilitating his journey.&nbsp;</p><p>Cathinone, the stimulant in qat,&nbsp;is banned in Saudi Arabia but legally permissible and culturally consumed in parts of Ethiopia as well as in Yemen. The sources said that the man did not know that carrying qat into and within Saudi Arabia was illegal.</p><p>On May 12, the patriarch of the Ethiopian Orthodox Tewahedo Church&nbsp;appealed to Ethiopian and Saudi authorities to halt the execution of Ethiopian nationals. In a July 13&nbsp;statement, the Ethiopian Ministry of Foreign Affairs said it “remains closely engaged with the relevant authorities of the Kingdom of Saudi Arabia regarding matters affecting Ethiopian nationals,” including “individuals facing legal proceedings and judicial measures.” The statement did not specify whether this included those sentenced to death for drug offenses.&nbsp;</p><p>Human Rights Watch opposes the death penalty in all circumstances because of its inherent cruelty. Saudi Arabia’s use of the death penalty is contrary to international human rights law, which upholds every human being’s “inherent right to life” and limits the death penalty to “the most serious crimes,” which result intentionally in death.</p><p>In 2025, nonlethal drug-related offenses accounted for&nbsp;68 percent of Saudi executions. The United Nations Working Group on Arbitrary Detention&nbsp;condemned Saudi Arabia’s practice, finding that executions for drug-related offenses are incompatible with international human rights law and fall outside the scope of the “most serious crimes.” The working group urged Saudi authorities to reinstate a moratorium and emphasized that imposing the death penalty for such offenses constitutes a clear violation of international legal standards.</p><p>Hundreds of thousands of Ethiopians live and work in Saudi Arabia. While many migrate for economic reasons, many have fled serious human rights abuses by their government, including during the recent brutal armed conflict in northern Ethiopia. Human Rights Watch has for years documented a wide range of human rights abuses against migrants taking the same route.</p><p>The detention of migrants in deplorable facilities in Saudi Arabia is a longstanding problem, which Human Rights Watch&nbsp;has found amounts to inhuman and degrading treatment. In 2023, Human Rights Watch&nbsp;found that Saudi border guards had killed at least hundreds of Ethiopian migrants and asylum seekers who tried to cross the Yemen-Saudi border, which, if committed as part of a Saudi government policy to murder migrants, would be a crime against humanity.</p><p>Saudi Arabia should immediately cancel the death penalty for Ethiopian migrants and review all sentences in line with Saudi Arabia’s international obligations, including the UN Convention against Torture and Other Cruel, Inhuman or Degrading Treatment or Punishment. The Ethiopian Foreign Affairs Ministry and its representatives in Saudi Arabia should urgently intervene with their Saudi counterparts and at a minimum ensure that their nationals receive immediate consular assistance.</p><p>“Governments should urgently press Crown Prince Mohammed bin Salman’s authorities to halt these executions and commute the sentences of the dozens more awaiting the same fate,” Shea said.</p>",https://www.hrw.org/news/2026/07/28/saudi-arabia-new-executions-of-ethiopian-migrants,2,-98.5795,39.8283,2026-07-29T23:18:10.663538+00:00
85c695042dc30e2991f54a34a426bbc04c02e53bc91320625e8bb20a761ffee8,Proposed DHS Work Authorization Rule Threatens Immigrant Domestic Violence Survivors,"Click to expand Image
          



  
        
  

        
                      
      
        
              In Homestead, Florida, women and their children listen to an explanation of their legal rights and strategies for preparing their families if a parent is detained or deported,  January 17, 2025.
                    © 2025 Rebecca Blackwell/AP Photo 
          
    


  
<p>The Department of Homeland Security (DHS) proposed a policy change in June that would significantly limit employment authorization available for many immigrants.&nbsp;</p><p>But for many, including survivors of domestic violence, the ability to work in the United States is crucial to being able to leave an abusive situation.</p><p>Survivors of domestic violence may qualify for employment authorization with an approved Violence Against Women Act (VAWA) petition or U visa, but often wait years as applications become increasingly backlogged. Many receive a grant of deferred action, designed to protect them from deportation during this process. The new policy would impact those with deferred action in addition to survivors that may have employment authorization through programs unrelated to their abuse.</p><p>The new policy would require proof of “economic necessity” in order to work, which may place additional burdens on immigrant survivors if abusers withhold financial documents. Employment authorization would also be limited to one year. Individuals seeking renewal must be with employers using the federal E-Verify program, a program that checks work eligibility. Renewals are already more difficult since DHS ended automatic extensions last year.</p><p>Many immigrant women are more vulnerable to domestic violence because they often need their spouse’s assistance to establish legal status, fear involvement with police, and are financially dependent. Immigrant survivors can delay leaving abusers because they are unable to financially support themselves or their children without employment authorization. Access to employment decreases financial dependence, supporting immigrant survivors in reporting or leaving their abuser. Employment also serves as a stepping stone for future financial independence, stable housing, and improved wellbeing. Any limit on access to employment authorization can make it harder for survivors to take these first steps.</p><p>This policy should not go into effect without careful consideration of its potential impacts. Organizations and individuals can help by commenting on DHS’s proposed rule by August 4.</p>",https://www.hrw.org/news/2026/07/27/proposed-dhs-work-authorization-rule-threatens-immigrant-domestic-violence,0,75.8059166,11.285891,2026-07-29T23:18:11.908393+00:00
c8403e4c2a40b368dd26161ed0aa4c73838d360c81caa3ac9e0995a1a41981e3,DR Congo: Oil Company Operations Pose Grave Pollution Threat,"Click to expand Image
          



  
        
  

        
                      
      
        
              Oil well at Perenco’s concession in Democratic Republic of Congo.
                    © 2026 Human Rights Watch
          
    


  
Pollution linked to the Democratic Republic of Congo’s only oil producer poses serious health risks to communities near its operations.&nbsp;Perenco, the oil company, has engaged in gas flaring and waste burning that have contributed to poor air quality and not prevented oil spills from wells and pipelines from leaking into the soil and riverbeds, contributing to health risks for nearby residents.The authorities should acknowledge the threat to people’s health in oil concession areas, immediately report on pollution levels, and act to reduce population exposure.&nbsp;<p>(Kinshasa) – Pollution linked to the&nbsp;Democratic Republic of Congo’s only oil producer poses serious health risks to communities near its operations, Human Rights Watch said today.</p><p>The Congolese government commissioned an environmental audit of the French-British oil and gas company Perenco’s operations in December 2024 because of longstanding reports of pollution. However, it has not provided a timeline for the publication of the final audit report, published any interim findings, or publicly disclosed vital information about air, soil, and water quality.</p><p>“The Congolese government should immediately publish the interim findings of the environmental audit of Perenco’s concession and disclose all environmental monitoring data,” said&nbsp;Agathe Bounfour, senior fossil fuel researcher at Human Rights Watch. “Residents of nearby communities have a right to know the extent of pollution in their environment and the risks to their health.”</p><p>In January 2026, a team of Human Rights Watch researchers interviewed 45 local residents, oil workers, health professionals, government officials, and environmental and public health experts in Muanda, where the operations are based, and in Kinshasa, the capital. Human Rights Watch also analyzed satellite imagery and geolocated videos and photographs received from local sources.&nbsp;</p><p>Perenco has engaged in gas flaring—the controlled burning of natural gas released during oil production—at five oil storage and processing sites close to residential communities. Human Rights Watch found that Perenco’s gas flaring and waste burning have contributed to poor air quality on its concession, creating health risks for local residents. In one location, flaring occurred less than 80 meters from housing. Residents with respiratory illnesses living near these flaring sites told Human Rights Watch that they believed air pollution from these operations was responsible. Residents also described acute health symptoms, such as chest pain and nausea, that they linked to smoke from burning at a waste treatment facility two kilometers from a village.&nbsp;</p><p>Perenco has also not prevented oil spills from wells and pipelines from leaking into the soil and riverbeds, based on a Human Rights Watch site visit and interviews with community members. Independent studies conducted in 2013 and 2025 documented serious environmental contamination associated with oil operations in the area that exposed residents to gases, heavy metals, hydrocarbons, and other compounds well-documented to be toxic and harmful to human health.</p><p>A villager in the Perenco concession area said: “Oil goes into the rivers where we swim.” A man in his mid-40s who lives near a tank farm—an oil storage and processing facility—said: “When gas is flared at the tank farm, our eyes burn and we experience headaches and dizziness.” The head of health personnel at a local hospital said that in his estimation, villages with oil infrastructure experienced “higher rates of respiratory conditions compared with areas where oil production is absent.”&nbsp;</p><p>The International Covenant on Economic, Social and Cultural Rights, to which Congo is a party, guarantees the right to “the highest attainable standard of physical and mental health.” The right to health&nbsp;obligates governments to ensure “the prevention and reduction of the population’s exposure to … harmful chemicals or other detrimental environmental conditions that directly or indirectly impact upon human health.”&nbsp;</p><p>The United Nations Committee on Economic, Social and Cultural Rights, the committee of experts that monitors the implementation of the covenant, has stated that this requires governments to take measures to prevent pollution by third parties, such as mining companies. A government’s “failure to enact or enforce laws to prevent the pollution of water, air and soil by extractive and manufacturing industries” can constitute a violation of human rights law.&nbsp;</p><p>Congolese environmental law prohibits certain oil production and waste management practices that may harm public health or safety. However, the government has not regularly monitored air, water and soil quality in the Muanda area. In November 2025, the minister of hydrocarbons&nbsp;announced a one-year extension of the December 2024 contract of the environmental and fiscal audit of damage caused by the company’s activities without providing a clear explanation for the renewal or committing to a specific release date.&nbsp;</p><p>Human Rights Watch wrote to the Congolese government in May 2026 seeking information on pollution prevention, remediation, monitoring, and oversight of Perenco’s operations in Muanda, including access to the environmental audit, but has not received a response.</p><p>Perenco, in response to queries from Human Rights Watch, denied that its operations “would cause air, soil and water pollution or detrimental acute health conditions.” The company stated that it considers scientific studies conducted on-site to be methodologically inadequate, and that it has invested in pollution prevention and local development initiatives, including health initiatives. It also said it had stopped flaring at 220 “flare points” within the concession and was fully cooperating with Congolese authorities in efforts to further reduce gas flaring.&nbsp;</p><p>The right to health obligates governments “to provide education and access to information concerning the main health problems in the community, including methods of preventing and controlling them.” The UN Human Rights Committee has&nbsp;clarified that the right to information includes the right of access to information held by public bodies and to ensure easy, prompt, effective, and practical access to government-held information that is of public interest. Such information would include the results of an environmental audit such as the government-commissioned audit of Perenco’s activities.</p><p>In its correspondence with Human Rights Watch, Perenco did not respond to questions regarding pollutant monitoring nor a request to share monitoring data. Likewise, the Congolese Ministries of Environment and Hydrocarbons did not respond to Human Rights Watch’s request for information on measures taken to monitor environmental conditions in the region. &nbsp;</p><p>“The Congolese government needs transparency on oil pollution levels to meet its obligations to uphold the right to health and to fully enforce its laws,” said Lewis Mudge, Central Africa director at Human Rights Watch. “The authorities should acknowledge the threat to people’s health in oil concession areas, immediately report on pollution levels, and act to reduce population exposure.”&nbsp;</p>Perenco’s Operations in Democratic Republic of Congo<p>The French-British oil and gas company Perenco is Congo’s sole oil operator. The company operates both onshore and offshore oil extraction in a region that stretches along the country’s narrow 37-kilometer coastline and encompasses dozens of villages and smaller informal settlements in the eastern part of Muanda city in Kongo Central province. The company retains exclusive exploration and production rights across nearly all onshore coastal blocks and the entirety of Congo’s maritime area.</p><p>Previously published independent studies documented serious environmental contamination associated with oil operations in the area. A 2013 investigation report by the Congolese Senate, to which Human Rights Watch gained access, found elevated concentrations of the air pollutants&nbsp;sulfur dioxide and&nbsp;nitrogen dioxide near gas flaring sites, as well as hydrocarbon contamination of groundwater and surface water and high concentrations of heavy metals.&nbsp;</p><p>A 2025&nbsp;study by researchers from several universities in Congo and Cameroon found high levels of&nbsp;total petroleum hydrocarbons (TPHs) and&nbsp;volatile organic compounds (VOCs) in soil surrounding oil extraction sites in the villages of Kinkazi, Kitombe, and Tshiende, which the researchers attributed to oil spills.&nbsp;</p>Gas Flaring&nbsp;<p>Gas flaring&nbsp;involves burning gaseous byproducts generated during crude oil extraction. Flaring can take several&nbsp;forms: gas may be funneled into a vertical stack and burned at an elevation; directed through horizontal flare systems at hydrocarbon processing plants or refineries; or combusted at ground level in pits or near-surface installations, with burning occurring directly at the well site.</p><p>Gas flaring can&nbsp;produce several air pollutants that are detrimental to human health, including&nbsp;particulate matter, VOCs,&nbsp;carbon monoxide, sulfur dioxide,&nbsp;polycyclic aromatic hydrocarbons, nitrogen dioxide, and&nbsp;black carbon. The health impacts associated with exposure to these common air pollutants from gas flaring&nbsp;increase as proximity to flaring sites increases.</p><p>Gas flaring is&nbsp;prohibited under Congolese law unless under exceptional circumstances and only with prior&nbsp;authorizationfrom the Hydrocarbons Ministry. Neither Perenco nor the Ministry responded to a Human Rights Watch request for information about whether the company is authorized to conduct gas flaring and, if so, the conditions under which that authorization was granted. However, Perenco wrote that it considers gas flaring “operationally necessary to ensure the continuity of oil production in the region of Muanda” and that “the competent Congolese authorities are ... fully aware of the situation.”</p><p>Human Rights Watch found, based on analysis of remote sensing data and witness accounts, that gas flaring occurred at five sites between January 2025 and March 2026 within Perenco’s concession associated with oil storage and processing infrastructure, either vertically through stacks or horizontally. &nbsp;</p><p>During this period, daily flaring activity was detected at Kinkazi Tank Farm at a Perenco pipeline gathering point four kilometers southeast of Muanda city, and at another site in a residential area in the city’s northeast. Signs of flaring were also detected at the Mibale Tank Farm near Tshiende and at the Liawenda Tank Farm. Several indications of ground flaring at the well level were also observed in 2025, while no evidence of ground flaring was identified from March to June 2026. Human Rights Watch was unable to conduct a remote sensing analysis of the flaring volumes at these sites due to the limitations of the data and heavy cloud cover of the area during this period.</p>



      


  
  




  
          
                    



                  
          Click to expand Image
          



  
        
  

        
                      
      
        
              Vertical flaring site in Mibale, Democratic Republic of Congo.
                    © 2026 Human Rights Watch
          
    


  
<p>The close proximity of gas flaring sites to villages and homes within Perenco’s concession exposes residents nearby to significant health risks, Human Rights Watch said. Most of the population of the concession lives within five kilometers of one of the five main flaring sites. Much of the densely populated urban area of Muanda is included in this zone, and in northeast Muanda city, the nearest residents live less than 80 meters from the flaring site. Several villages, including Liawenda, Tshiende, Kinkazi, Mamputu, Kitombe, and Kimini, are also within three kilometers of active flaring sites. In Tshiende village and Kinkazi village, the nearest residents live approximately 1.3 kilometers and 2.5 kilometers, respectively, from the tank farm flaring sites.&nbsp;</p>



      


  
  




  
          
                  


                  
          Click to expand Image
          



  
        
  

        
                      
      
        
              Map of the population density in the Perenco concession overlaid with the distance to the five active main flaring sites that Human Rights Watch identified. Population data © 2026 GRID3 / CIESIN / WorldPop COD, Gridded Population Estimates v4.4 (December 2025). Analysis and graphics © 2026 Human Rights Watch.&nbsp;
                
    


  




      


  
  




  
          
                  


                  
          Click to expand Image
          



  
        
  

        
                      
      
        
              Satellite imagery from January 6, 2024, shows the proximity of a flaring site located in the northeastern part of Muanda town to houses and residential areas. Analysis by Human Rights Watch showed that the site was still active in 2025 and early 2026. Image © 2026 Airbus. Google Earth. Graphics © 2026 Human Rights Watch.
                
    


  
<p>In correspondence with Human Rights Watch, Perenco wrote that “220 flare points have been permanently extinguished and the corresponding sites in the Kinkazi and Kitombe areas have been restored.” Perenco added that the company was “in discussions with the relevant Congolese authorities regarding gas valorization options [making use of the natural gas] that would, in due course, further reduce or eliminate gas flaring altogether.”</p>Oil Waste Burning&nbsp;<p>Perenco operates a 10-hectare waste treatment facility approximately two kilometers southeast of Kinkazi village. Human Rights Watch obtained, verified, and geolocated photographs and video footage of the facility and found that some oil waste is burned in open-air incinerators within the facility.</p><p>Congo’s 2011 Law on the Fundamental Principles of Environmental Protection&nbsp;prohibits the disposal of waste in locations where it may generate unpleasant odors or harm the environment, public health, or public safety.</p><p>Kinkazi villagers interviewed reported respiratory illnesses that they attributed to smoke from the facility. A resident in his mid-40s said: “When they burn the waste at night in the area, the smells drift toward the village when there’s wind,” and that he experiences ‘‘chest pain and a persistent cough.” Another person in their mid-40s said: “We smell a lot of smoke; we experience nausea and headaches.” Workers said that the company produces two main types of waste during oil drilling operations: oil mud, consisting mainly of drilling fluid residues, and paraffins, waxy hydrocarbon deposits from crude oil that accumulate inside pipelines and must be periodically removed. On-the-ground oil leaks also pollute the soil.  &nbsp;</p>



      


  
  




  
          
                  


                  
          Click to expand Image
          



  
        
  

        
                      
      
        
              Satellite imagery from February 23, 2026, shows Perenco’s waste management facility in Kinkazi, Democratic Republic of Congo. Image © 2026 Planet Labs PBC. Analysis and graphics © 2026 Human Rights Watch.
                
    


  
  



      


  
  




  
          
                    



                  
          Click to expand Image
          



  
        
  

        
                      
      
        
              Corporate sign signaling a “Paraffin Treatment Zone” at the Perenco waste facility near Kinkazi village, Democratic Republic of Congo.
                    © 2026 Private
          
    


  
<p>Photographs and videos from early 2026, verified by Human Rights Watch, show open burning tanks and incinerators within an area marked in a sign as a “paraffins treatment zone.” Workers said that these tanks and incinerators are used to burn paraffin waste to dissolve it. “We bring a quantity of paraffin to burn every night,” a Perenco worker said. “Gas-filled pipes are used, creating a flare, and after the paraffin is burned, it turns into sand.”</p><p>A video taken in early 2026 and verified by Human Rights Watch verifies the description, showing tall flames rising from an open incinerator inside the facility at night. Kinkazi residents also reported fires at the facility every night. A palm vine cultivator, 40, from Kinkazi said: “At night, we smell smoke drifting toward the village. There is the smell of smoke, and it smells bad.”</p><p>&nbsp;</p>  



      


  
  




  
          
                    



                  
          Click to expand Image
          



  
        
  

        
                      
      
        
              Incinerators at the Perenco waste facility near Kinkazi village, Democratic Republic of Congo.
                    © 2026 Private
          
    


  
  



      


  
  




  
          
                    



                  
          Click to expand Image
          



  
        
  

        
                      
      
        
              The incinerator at the Perenco waste facility near Kinkazi village burning at night.&nbsp;
                    © 2026 Private
          
    


  
<p>Daniel Bain, associate professor in the Geology and Environmental Science Department at the University of Pittsburgh, reviewed visual evidence collected by Human Rights Watch and noted that while “data on local air quality remains limited, areas around waste burning will have elevated volatile organic carbon and particulate matter content in the atmosphere.”</p>Water and Soil Pollution &nbsp;<p>Human Rights Watch found that Perenco has not prevented oil wells from spilling and leaching crude oil into the soil. Crude oil drilled from the ground is a complex mixture of thousands of chemical compounds and&nbsp;heavy metals, many of which are&nbsp;toxic and can be harmful to human health. &nbsp;</p><p>The country’s 2011 Environmental Protection Law&nbsp;prohibits the discharge of waste or other substances that are likely to alter or degrade the quality of surface or groundwater, as well as any activity likely to cause pollution, erosion, or any other form of soil or subsoil degradation.</p><p>Several residents within the concession said that oil regularly overflows from wells during heavy rainfall, often near—and sometimes within—villages. “When it rains heavily and the water rises, oil spills next to it,” a Tshiende resident said.</p><p>In several locations within the concession area, Human Rights Watch researchers observed and photographed unprotected wellheads covered with what appeared to be crude oil residues and oil traces on the surrounding ground.&nbsp;</p>



      


  
  




  
          
                    



                  
          Click to expand Image
          



  
        
  

        
                      
      
        
              Oil well near Tshiende, Democratic Republic of Congo.
                    © 2026 Human Rights Watch
          
    


  
<p>Human Rights Watch researchers also observed pipelines from Perenco’s oil extraction and processing facilities with visible signs of erosion, running beneath or alongside villages and agricultural land and sometimes crossing riverbeds. Nearby residents described past ruptures of these pipelines. “Pipelines cross rivers, and when one bursts, crude oil spills into the water,” a Kinkazi resident said.</p><p>Oil industry workers said that these frequent leaks and overflows are the result of inadequate maintenance of oil infrastructure. One former employee said: “There is no regular maintenance of the pipes, and they only clean the big pipes, not the small ones. In case of high heat, the density decreases and it explodes.” Bain, the University of Pittsburgh professor, also highlighted the lack of preventive measures, noting that drilling sites did not appear to be surrounded by earthen berms to contain spills.</p><p>The Congolese government does not undertake regular monitoring of environmental conditions in the region, Human Rights Watch said. However, a 2013 official Senate Committee investigation found contamination of groundwater and surface water in the region by hydrocarbons and heavy metals. Water samples from this investigation showed lead and mercury at levels exceeding the World Health Organization’s&nbsp;guidelines for drinking water quality. Lead is a particularly&nbsp;harmful heavy metal: chronic exposure can harm the kidneys, cardiovascular system, and reproductive health, and contribute to anemia and hypertension. Mercury can&nbsp;harm the nervous, digestive, and immune systems, as well as the lungs, kidneys, skin, and eyes, with serious health effects possible even at low levels of exposure.</p>



      


  
  




  
          
                  


                  
          Click to expand Image
          



  
        
  

        
                      
      
        
                    Graphic © 2026 Human Rights Watch 
          
    


  




      


  
  




  
          
                  


                  
          Click to expand Image
          



  
        
  

        
                      
      
        
                    Graphic © 2026 Human Rights Watch 
          
    


  
<p>A 2025 study by several universities in Congo and Cameroon reported elevated levels of volatile organic compounds and hydrocarbons in soil near oil wells in the villages of Kinkazi, Kitombe, and Tshiende. The authors concluded that these pollutants posed potential risks to both ecosystems and human health and recommended soil remediation measures, together with the establishment of a long-term monitoring system for soil and groundwater quality.</p><p>In correspondence with Human Rights Watch, Perenco said that “infrastructure integrity and pollution prevention” were “central to its operations” and “structured around ‘three fundamental principles’: the systematic inspection of equipment and infrastructure, the technical and structural assessment of assets following each inspection, and repair or replacement operations when necessary.” The company indicated that “since 2021, it had invested over [US]$100 million” in infrastructure integrity and maintenance operations and “decommissioned 35 km of onshore pipelines.”</p><p>Perenco also indicated that “many sources of environmental harm” should be considered, such as “the daily use by the local population of waterways and rivers for the large scale washing of motor vehicles” or “frequent acts of vandalism and sabotage of its installations,” as well as “the existence of extensive fuel trafficking between the DRC and Angola, involving the storage, transportation and sale of fuel in precarious conditions.”</p>Environmental Monitoring<p>A representative of the Congolese Control Office (Office Congolais de Contrôle, OCC), a government agency that works with the Environment Ministry on environmental monitoring of the oil concession, spoke with Human Rights Watch.&nbsp;</p><p>The representative said that while the OCC conducts occasional inspections using portable equipment to measure air pollutants and soil contamination in several communities—including Liawenda, Banana, Mibale, Nsiafumu, and Makelekese—there was no regular government monitoring program. He said that while Perenco had installed air-quality monitoring sensors in several villages, the OCC had no access to the data.</p><p>In 2025, a committee from the Kongo Central regional parliament urged national authorities to “acquire and install national monitoring sensors … at sites across the province that are susceptible to pollution,” and to “require all companies engaged in polluting activities to submit, on a monthly basis, monitoring data collected from surveillance sensors.” Two provincial assembly members said that Perenco holds pollutant monitoring data for the concession but has not given the members access.&nbsp;</p><p>The head of a Muanda-based environmental organization said: “There is no public data available on pollutant measurement, which is why local NGOs [nongovernmental organizations] are trying to commission their own analyses.”&nbsp;</p>",https://www.hrw.org/news/2026/07/27/dr-congo-oil-company-operations-pose-grave-pollution-threat,2,-98.5795,39.8283,2026-07-29T23:18:11.912826+00:00
3dd25fe5386e6f6ff7eee3018c54d50fb29d07253e2037c4853eb2c8414d1310,No Justice 20 Years Since Sri Lanka’s Muttur Massacre,"Click to expand Image
          



  
        
  

        
                      
      
        
                The shuttered former office compound of Action Contre la Faim (ACF) in Muttur, Sri Lanka, October 22, 2015.&nbsp;
                    © 2015 James Ross/Human Rights Watch
          
    


  
<p>I was in Sri Lanka on August 4, 2006, when&nbsp;17 humanitarian aid workers were brutally murdered in the embattled town of Muttur, near the coastal city of Trincomalee. I’ve&nbsp;written about the incident ever since, but 20 years later, I still cannot report that those responsible have been held to account.</p><p>During the height of the fighting between the Sri Lankan government and the separatist Liberation Tigers of Tamil Eelam (LTTE) in 2006, LTTE forces on August 2 captured Muttur. Sri Lankan staff members of the Paris-based&nbsp;international aid organization Action Contre la Faim (Action against Hunger, or ACF) were caught up in the shelling and shooting, stranded in their office compound.</p><p>After Sri Lankan security forces retook the town following the LTTE’s withdrawal around noon on August 4, they reported a horrific discovery: the bodies of 15 ACF workers lying face down in their compound, with bullet wounds to their heads and necks fired at point-blank range. The bodies of two other ACF workers, who appeared to have tried to escape, were found in a vehicle nearby.</p><p>The Sri Lankan military informed foreign journalists shown the scene that the LTTE had murdered the 13 men and 4 women, all ethnic Tamils except for one Muslim. However, in-depth reporting by the nongovernmental&nbsp;University Teachers for Human Rights (Jaffna) later debunked the official account. The group said that two police constables and Sri Lankan naval special forces commandos were responsible for the killings, and that senior police and justice officials were involved in a coverup.</p><p>The Muttur massacre was just&nbsp;one of many atrocities by both sides during Sri Lanka’s 26-year civil war, which ended with the LTTE’s destruction in 2009. It was among the dozen major rights cases that successive governments promised to pursue—but never seriously did.</p><p>The families of the ACF workers, as well as those of thousands of others unlawfully killed, forcibly disappeared or otherwise unaccounted for,&nbsp;have been waiting decades for justice.</p><p>President Anura Kumara Dissanayake’s government needs to make good on its 2024 election-year&nbsp;pledge to establish an independent prosecutor to pursue emblematic cases from the civil war, including the Muttur massacre. Concerned governments should continue to&nbsp;press for accountability in Sri Lanka and highlight the need for justice for all victims of wartime abuses and its aftermath.</p>",https://www.hrw.org/news/2026/07/26/no-justice-20-years-since-sri-lankas-muttur-massacre,6,-98.5795,39.8283,2026-07-29T23:18:11.913194+00:00
1ee8ee885cd27d9ed45456b5b59a442dd0cd970b4757f173be660ead7043b5e4,End Impunity for Crimes Against Journalists in Yemen,"Click to expand Image
          



  
        
  

        
                      
      
        
              Mohammed Aydah's car in the yard of a police station, where it had been moved to after an explosive device planted in the car detonated and killed him, in Mukalla, Yemen, June 25, 2026.
                    © 2026 Reuters 
          
    


  
<p>Journalist Mohammed Aydah, who had reported for the Saudi-owned Al Arabiya and Al Hadath channels since 2019, was&nbsp;killed in Mukalla in eastern Yemen on June 24 by an explosive device planted in his car.</p><p>Three days later, on June 27, Marib security forces detained journalist Hamoud Haza while he was covering a public event. Haza told Human Rights Watch that he was held incommunicado and released two days later, only after he signed a pledge to not criticize the internationally recognized government and its minister of information.</p><p>The Yemeni Journalists Syndicate&nbsp;condemned Aydah killing, saying the attack “added to a series of crimes and violations against journalists and media workers, including the assassination of journalists Rasha al-Harazi and Saber al-Haidari in Aden [in 2022].” The National Organization of Yemeni Reporters said in a&nbsp;statement that over 90 journalists and media workers have been killed since Yemen’s conflict began in 2015, adding, “This bloody toll reflects the desire of the parties to the conflict to impose a complete media blackout and to entrench a culture of impunity.”</p><p>Government authorities are not alone in their abuses against journalists. In March, Houthi forces abducted journalist Salah al-Deen al-Rawhani from his home in Sanaa, and he has not been heard from since,&nbsp;according to the International Federation of Journalists.</p><p>In September 2025, Human Rights Watch&nbsp;documented warring parties’ systematic violations against Yemeni journalists, including killings, enforced disappearances, torture, and other ill-treatment. The report found all parties to the conflict, including the Houthis, the Southern Transitional Council, and the Yemeni government, have committed serious abuses with impunity against journalists and media workers.</p><p>International humanitarian law obligates all warring parties to protect civilians, including journalists, who are not taking a direct part in hostilities. International human rights law further protects journalists’ rights to liberty, security of person, and freedom of expression, and prohibits arbitrary detention and enforced disappearance.</p><p>The Yemeni government should conduct a prompt, impartial, and transparent investigation into the killing of Mohammed Aydah, and investigate all other attacks on journalists that have taken place within territories under their control, and hold those responsible to account. Houthi authorities should also release all detained journalists and media workers, including Salah al-Deen al-Rawhani.</p>",https://www.hrw.org/news/2026/07/26/end-impunity-for-crimes-against-journalists-in-yemen,6,78.6677428,22.3511148,2026-07-29T23:18:13.083898+00:00
ff13430eabffe4ebbbaaba5928e940085ff56e76baf70e9793f7adb07dfc40be,West Bank: Surge in Settler Violence Threatens Mass Atrocities,"Click to expand Image
          



  
        
  

        
                      
      
        
              Israeli forces fire tear gas at Palestinians and journalists covering military operations and settler activity in the nearby village of Tal, in the West Bank, July 25, 2026.
                    © 2026 Roman Levin/Sipa via AP Photo 
          
    


  
<p>(Beirut) – Two Israeli settler attacks on Tal village near Nablus in the West Bank on July 24, 2026, resulted in the killing of four Palestinians and two Israelis, Human Rights Watch said today.&nbsp;</p><p>The incident triggered a wave of settler reprisal attacks in nearby Palestinian villages, the Israeli government’s announcement of a “major counterterrorism operation,” and Israeli officials calling for the destruction of Palestinian homes and villages. Concerned governments should urgently act to prevent further settler violence and atrocities.</p><p>“The Israeli government didn’t prevent the settler attacks on Tal village, so now it needs to stop settler reprisals and escalating military action that will make a bad situation worse,” said Sarah Sanbar, acting Israel and Palestine researcher at Human Rights Watch. “Years of lawlessness and impunity for attacks has turned the West Bank into a powder keg waiting to explode, and decisive action is urgently needed.”&nbsp;</p><p>The July 24 killings in Tal bring the Palestinian death toll in the occupied West Bank since July 19 to 10. As of July 19, the United Nations Office for the Coordination of Humanitarian Affairs (OCHA)&nbsp;reported 68 Palestinians killed in the West Bank in 2026, at least 13 by settlers. OCHA reported that as of July 15, 20 Israelis had been injured in 2026 in the West Bank. Settler violence has risen sharply since the current Israeli government took office in December 2022, with the most recent&nbsp;spike in March and April 2026, during the United States and Israel’s war with Iran.</p><p>Human Rights Watch interviewed two witnesses to the attacks and a local activist, and verified six videos of the incidents posted to social media platforms and shared directly with researchers.</p><p>Between 6:10 and 6:45 a.m. on July 24, 40 to 50 settlers, including children, approached Tal from the east, attacked four or five Palestinian homes with stones, and tried to break in, witnesses said. A confrontation between the settlers and Palestinians erupted, during which an armed settler shot and wounded a Palestinian man, the witnesses said. More Palestinians then arrived to assist the family, and the settlers fled.&nbsp;</p><p>About 30 minutes later, the same group of settlers reentered Tal from the southwest, where they were joined by Israeli soldiers, said Mujahid Waleed, a local resident who witnessed both incidents.</p><p>“When I arrived [to the second location], the settlers and the Palestinians were already fighting,” Waleed said. “The settlers were attacking the Palestinians, and the army stood by and didn’t intervene. The army only intervened once a Palestinian man disarmed a settler and started shooting at the soldier and settlers. The army fired back and killed point-blank the [Palestinian] carrying the weapon, and settlers and soldiers shot the other three unarmed Palestinians.”&nbsp;</p><p>The attacks took place in Area B, an area under joint Israeli-Palestinian Authority security control under the Oslo II Accords. The four Palestinians killed were two brothers and two cousins from the Ramadan family.</p><p>Human Rights Watch verified and geolocated two videos showing the confrontation that are consistent with Waleed’s account. One video shows two armed settlers alongside a uniformed soldier, close to a group of Palestinian men. The settlers apparently start the physical altercation, kicking a Palestinian man before a fight breaks out and a soldier fires into the air.&nbsp;</p><p>When two Palestinian men try to take the settlers’ weapons, gunshots are heard and a Palestinian man falls to the ground. A settler is seen holding a raised weapon. A second video shows the second Palestinian man taking a firearm from a settler and pushing him to the ground; the settler draws a handgun, and the Palestinian man appears to fire at him.</p><p>The Israeli military&nbsp;stated at 9:32 a.m. that soldiers were dispatched to the area following a report regarding “an attack on Israeli civilians who were hiking in the area” and that “terrorists stole the weapon of a security personnel who had arrived at the scene and opened fire toward the Israeli civilians.” The military later announced that the incident&nbsp;resulted in the killing of Benyahu Mellet, 32, and Maj. Yuval Ezra, 27, an active-duty soldier. The Israeli military said the platoon commander returned fire and killed the Palestinian gunman, the Times of Israel&nbsp;reported. It did not provide details about the killing of the other three Palestinians.</p><p>Human Rights Watch, other nongovernmental&nbsp;organizations, and the media have repeatedly reported attacks by armed settlers that often occur alongside Israeli army units or with soldiers standing by and failing to intervene. They found that settlers responsible for attacks often operate with the&nbsp;financial,&nbsp;material, and&nbsp;legal backing of the Israeli state.</p><p>The&nbsp;Times of Israel reported that Mellet headed the civil defense squad of the Havat Gilad settlement. Following October 7, 2023, the National Security Ministry established these squads in West Bank settlements and&nbsp;gave them special policing powers, uniforms, and weapons. The squads’ establishment, along with settler-only “regional defense battalions” in the Israeli military, have contributed to the dangerous&nbsp;blurring of the line between settlers and soldiers.&nbsp;</p><p>In response to the incident, Prime Minister Benjamin Netanyahu&nbsp;convened an emergency security meeting, announced the redeployment of five military battalions to the West Bank, and directed the military to carry out an “intensive counterterrorism operation.”</p><p>Since then, settler reprisal attacks have been reported in&nbsp;nearbyvillages, the Palestinian news agency WAFA reported. The attacks have resulted in injuries, arson, and other property damage.</p><p>Netanyahu also&nbsp;announced that he would accelerate the regularization of settler outposts and the establishment of new ones. These outposts, which have often served as launching pads for attacks on Palestinian communities, are illegal under both&nbsp;Israeli law and the Fourth Geneva Convention. Their retroactive legalization serves to push the frontier of settlement expansion and enable the appropriation of Palestinian land, often serving as precursors to larger settlements.</p><p>Finance Minister Bezalel Smotrich&nbsp;called on Netanyahu to “allow the establishment of a settlement at the Sela outpost, near the place where the severe attack took place this morning. To this end, it is necessary to transfer this area from Area B to Area C [fully Israeli-controlled territory], take responsibility for it and allow a settlement to be established there.”</p><p>Since the attack, Israeli officials have issued statements calling for the destruction of Palestinian homes and villages. Smotrich&nbsp;said the villages “should look like the refugee camps in Nablus and Tulkarem,” which were destroyed during an Israeli military operation in January 2025 that Human Rights Watch&nbsp;found amounted to war crimes, crimes against humanity, and ethnic cleansing.&nbsp;</p><p>In a&nbsp;post on X, National Security Minister Itamar Ben-Gvir said: “The cities and villages of the killers in the West Bank should be treated the same way Beit Hanoun [an embattled Palestinian town] was treated in Gaza. ... For every Jew murdered - the enemy must absorb the loss of lands and homes.”</p><p>In July 2024, the International Court of Justice&nbsp;found that Israel’s occupation of Palestinian territory is&nbsp;unlawful and that Israel is in breach of the prohibition of racial segregation and apartheid. The court&nbsp;found Israel has an obligation to evacuate all settlers in the West Bank including East Jerusalem, allow displaced Palestinians to return to their homes, and provide them with reparations.</p><p>Governments should urgently act to prevent further atrocities across the West Bank, including by imposing targeted&nbsp;sanctions on those implicated in ongoing grave abuses,&nbsp;suspending arms&nbsp;transfers to Israel, banning trade with&nbsp;illegal settlements, suspending preferential&nbsp;trade agreements with Israel, and&nbsp;supporting the International Criminal Court and its ongoing investigations, including by executing its arrest warrants. &nbsp;</p><p>“The settler violence against Tal is a reminder that if the violence is not stopped and those responsible are not held to account, escalation and further atrocities are inevitable,” Sanbar said. “Governments need to act urgently so that the Israeli government does not continue to act as if it has a green light to commit further atrocities.”</p>",https://www.hrw.org/news/2026/07/24/west-bank-surge-in-settler-violence-threatens-mass-atrocities,8,-98.5795,39.8283,2026-07-29T23:18:13.086281+00:00
e9859502031ad0653fbcc5b9a30d661478d9e0f70d17a013d76760a9a0340203,"US, Iran Threaten Attacks on Civilian Infrastructure","Click to expand Image
          



  
        
  

        
                      
      
        
              A woman looks out from her destroyed apartment in the Shahrak-e Gharb neighborhood of Tehran, Iran, March 21, 2026.
                    © 2026 Majid Saeedi/Getty Images
          
    


  
<p>(Washington, DC) – President Donald Trump announced on July 24, 2026, that the United States was&nbsp;considering “a massive attack” on Iran following a breakdown of the ceasefire and US-Iran Memorandum of Understanding. US and Iranian leaders have threatened to retaliate and attack targets that could be civilian infrastructure, in violation of the laws of war.</p><p>On July 23, Trump&nbsp;stated: “From this point forward, any time the Islamic Republic of Iran shoots at a ship in the Strait of Hormuz, whether it be by Missile, Rocket, Drone, or any other device or weapon, the United States will bomb and destroy ONE BRIDGE OR POWER PLANT, including those located next to, or in, the Capital City of Tehran.”&nbsp;</p><p>Mohammad Bagher Ghalibaf, speaker of Iran’s parliament, posted on X on July 22&nbsp;that “If our security is not ensured, no infrastructure will be safe.” &nbsp;</p><p>The laws of war prohibit deliberate attacks against civilian objects and attacks whose expected civilian harm is excessive compared to the anticipated direct military advantage. Individuals who commit serious laws-of-war violations with criminal intent—that is, deliberately or recklessly—are responsible for war crimes.&nbsp;</p><p>The following quote can be attributed to Balkees Jarrah, Middle East and North Africa director at Human Rights Watch:&nbsp;</p><p>“US and Iranian leaders are threatening deliberate attacks on civilian infrastructure following earlier fighting between the two countries in which their forces unlawfully attacked civilians and civilian objects in&nbsp;Iran,&nbsp;Gulf countries, and&nbsp;Israel. Other countries should make clear to the United States and Iran that those responsible for war crimes will be brought to justice, including through universal jurisdiction.”&nbsp;</p>",https://www.hrw.org/news/2026/07/24/us-iran-threaten-attacks-on-civilian-infrastructure,4,53.688,32.4279,2026-07-29T23:18:13.086694+00:00
1c5f14a31789f87f114a769ba52edcaec2378bcf5549789b5e041be8d7c5f25d,International Criminal Court Prosecutor Removed,"Click to expand Image
          



  
        
  

        
                      
      
        
              Seventeenth session of the International Criminal Court's Assembly of States Parties in The Hague, Netherlands, December 2018. 

                    © 2018 Syd Boyd/Coalition for the International Criminal Court
          
    


  
<p>(New York) – The Assembly of States Parties of the International Criminal Court (ICC), during a special session on July 24, 2026, decided to remove the court’s prosecutor, Karim Khan, from office for serious misconduct and serious breach of duty.</p><p>The following quote can be attributed to Liz Evenson, international justice director at Human Rights Watch:&nbsp;</p><p>“In this moment, there are two equally important issues to emphasize. First, the ICC is more than any one person; it’s a critical court of last resort that anchors a global movement for justice. Governments should protect its independence and ensure that its essential work can move forward, across its docket. Second, the ICC should hold itself to the highest standards. This includes ensuring a safe workplace with effective and credible mechanisms available to staff or others who experience abuse, including sexual violence or harassment.”&nbsp;</p>",https://www.hrw.org/news/2026/07/24/international-criminal-court-prosecutor-removed,2,14.3932647,50.109346,2026-07-29T23:18:14.249736+00:00
af255b29fc8e68668da04e418c60a9d9b3a0dfff8cf5ca146503273e0c9ead16,"When You Watch the Tour de France, Think Sudan War","Click to expand Image
          



  
        
  

        
                      
      
        
              UAE Team Emirates - XRG Pro Cycling team during the team presentation of the 109th Giro d'Italia in Burgas, Bulgaria, on May 6, 2026.&nbsp;
                    © 2026 Hristo Rusev/NurPhoto via AP Photo 
          
    


  
<p>As the Tour de France wraps up this weekend, all eyes will be on the UAE. The leading team’s principal sponsors are state-owned United Arab Emirates companies.</p><p>But, while fans watch the race through the French countryside, human rights abuses perpetuated by the United Arab Emirates are unfolding elsewhere, out of public view.</p><p>Sponsoring elite athletic competition is an attempt to use sportswashing to deflect attention from the UAE’s rampant systemic rights violations. By sponsoring NBA games and F1 races, the UAE’s government deters scrutiny about its treatment of migrant workers, who face widespread abuses, and its unjust jailing of political dissidents.</p><p>Seeing the UAE connected to a Tour de France victory would be another welcome advertisement for the UAE's rulers, as a&nbsp;growing body of evidence indicates that the UAE provides support to the Rapid Support Forces (RSF) in Sudan. This abusive warring party has carried out&nbsp;atrocities that amount to crimes against humanity.</p><p>Since fighting erupted in 2023 between the Sudanese Armed Forces and the RSF, civilians have faced massacres, hunger, and destruction.&nbsp;Hundreds of thousands have died and&nbsp;over 11 million people have been displaced. The RSF also carried out mass killings and mass rapes of people&nbsp;fleeing El Fasher in October of 2025.</p><p>The UAE has supported the RSF by providing weapons and by facilitating the travel of foreign fighters to Sudan. In a recent report, Human Rights Watch documented how&nbsp;Colombian private military contractors apparently hired by a UAE-based company transited through UAE military bases before being deployed alongside the RSF in Sudan.</p><p>As you watch the UAE's state-sponsored cycling team in the Tour this weekend, spare a thought for the people in Sudan who bear the deadly consequences of the UAE-fueled atrocities, and inform yourself, also about the fate of migrant workers and dissidents in the Emirates.</p>",https://www.hrw.org/news/2026/07/24/when-you-watch-the-tour-de-france-think-sudan-war,4,-74.2973,4.5709,2026-07-29T23:18:14.251249+00:00
d78872bbfceec4c2fd74ca22ef0ed885a30ccaac06c347ad8b9ca5e71a371e95,Iranians Face Double Peril of Gallows and Bombs,"Click to expand Image
          



  
        
  

        
                      
      
        
              Two members of Iran’s security forces stand guard in downtown Tehran, Iran, on April 8, 2026.
                    © 2026 Morteza Nikoubazl/NurPhoto via Getty Images
          
    


  
<p>Iran’s authorities executed a young man, Mehdi Khanaki, on July 22. He was the 24th known person arbitrarily executed since March 18 in connection with recent protests.</p><p>The number of&nbsp;executions of real and perceived dissidents on vague national security charges has significantly increased. Over the past four months alone, authorities have executed at least 50 people on such charges, including several 18 and 19-year-old teenagers.</p><p>These executions are arbitrary under international law. Cases have been characterized by extremely summary proceedings and gross fair trial violations. Proceedings connected to recent protests have ranged between three and six months from arrest to execution.</p><p>In many cases, authorities have executed individuals on charges that do not meet the threshold of the “most serious crimes” and on vaguely worded charges such as “waging war on God.” Several men have been arbitrarily executed in recent months over accusations of “espionage” or “collaboration with hostile states,” including based on the new Espionage Law, used by the authorities to further repress the population, especially since the&nbsp;January 2026 massacres.</p><p>Since the resumption of US-Iran hostilities in early July, authorities have announced several executions on national security charges. Scores of protesters and dissidents remain on death row, with a human rights organization&nbsp;reporting on over 70 protesters under death sentences in one prison alone. It’s a harrowing reminder of the atrocity risks people in Iran face: lethal domestic repression and&nbsp;unlawful military strikes, such as&nbsp;the one that killed scores of children in a primary school in Minab on February 28.</p><p>President Trump’s&nbsp;threats,&nbsp;once again, to target infrastructure that may be indispensable to civilian survival have only heightened these concerns.</p><p>Fears are also growing for&nbsp;prisoners, especially in southern Iran, where deteriorating conditions are&nbsp;reported, including water and electricity cuts caused and/or exacerbated by military strikes amid extreme heat. Many impacted cities are home to ethnic minorities who already face structural discrimination and marginalization.</p><p>Authorities should immediately halt all executions, unconditionally release those arbitrarily detained, and implement regulations allowing for the release or leave of prisoners on humanitarian grounds. Countries with embassies in Iran should press the authorities to establish a moratorium on executions and request to send diplomatic observers to capital trials. All parties to the conflict should abide by the laws of war.</p>",https://www.hrw.org/news/2026/07/24/iranians-face-double-peril-of-gallows-and-bombs,8,-98.5795,39.8283,2026-07-29T23:18:14.251483+00:00
fd645f8c544b68c559dc1e35665d4971ddd2f7c29db22e92546ea54d00baedd0,Nepal: Government Actions Threaten Judicial Independence,"Click to expand Image
          



  
        
  

        
                      
      
        
              Nepali lawyers stage a protest against the Supreme Court administration's refusal to register writ petitions and applications in Kathmandu, Nepal, on May 19, 2026.
                    © 2026 Subaas Shrestha/NurPhoto via AP Photo 
          
    


  
<p>(Geneva) – Recent actions by the government of Nepal that threaten the independence of the country’s judiciary are a source of serious concern, Amnesty International, Human Rights Watch, and the International Commission of Jurists (ICJ) said today.&nbsp;</p><p>In particular, political pressure has reportedly been applied to alter the composition of the Supreme Court through the forced resignation or impeachment of sitting justices. In May 2026, the government improperly amended the Constitutional Council Act through an executive ordinance, rather than through parliamentary legislation, as required under Nepal’s Constitution and rule of law principles.</p><p>The organizations are concerned about the consequences of amendments to the Constitutional Council Act, which altered the quorum and voting requirements of the Constitutional Council, the body responsible for recommending appointments to key constitutional offices, including the chief justice. Given that political office holders already constitute a majority of the council’s membership, the amendments further increase the risk of undue political influence over judicial appointments and undermine international standards on judicial independence and the rule of law. &nbsp;</p><p>“The independence of the judiciary is a cornerstone of the rule of law and an essential safeguard for the protection of human rights,” said Ian Seiderman, senior legal and policy director of the ICJ. “Any reform of Nepal's justice system should strengthen—not weaken—the independence, impartiality, and integrity of the courts.”</p><p>These concerns have been compounded by the recent appointment of Dr. Manoj Kumar Sharma as chief justice. His appointment departed from Nepal's long-standing practice of appointing the senior-most serving justice, even though three more senior judges remain in office. The Parliamentary Hearing Committee nevertheless endorsed his appointment despite complaints having been submitted concerning the nomination and without any meaningful public examination of those complaints.</p><p>The organizations have received credible reports that the three more senior Supreme Court justices, Sapana Pradhan Malla, Kumar Regmi, and Hari Phuyal have been subjected to political pressure to resign and threatened with impeachment if they refuse. The organizations are unaware of any publicly stated allegations that would satisfy the constitutional grounds for impeachment under Nepal’s Constitution.&nbsp;</p><p>Under Nepal's Constitution, the initiation of impeachment proceedings results in the suspension of the judge concerned pending parliament’s determination about the charges. The suspension of three senior Supreme Court justices would significantly affect the composition and functioning of the court at a time when it is considering a number of highly consequential constitutional cases involving challenges to government decisions and executive action. &nbsp;</p><p>The use or threatened use of impeachment against judges without clear constitutional justification risks creating the appearance that constitutional procedures are being used to influence the composition of the court and, potentially, the outcome of pending litigation, the groups said. Nepal has previously attempted to use impeachment proceedings against judges in circumstances that undermine judicial independence and the rule of law.&nbsp;</p><p>“Public confidence in the judiciary depends not only on the competence and integrity of judges but also on the transparency, fairness, and independence of judicial appointments,” said Meenakshi Ganguly, deputy Asia director at Human Rights Watch. “Appointments or removals that appear susceptible to political influence undermine confidence in the administration of justice and weaken the rule of law.”&nbsp;</p><p>Under international standards, judges must be able to be free from improper influence, pressure, threats, or interference and removals must be based on objective criteria and protected against political influence.</p><p>While judicial reform may be necessary to strengthen the administration of justice in Nepal, any reform process should reinforce, rather than diminish, judicial independence, transparency, accountability, and the rule of law, the groups said.</p><p>“The objective of judicial reform should be to build stronger, more independent institutions that enjoy public confidence, not institutions that are more vulnerable to political pressure,” said Isabelle Lassee, acting regional director for South Asia at Amnesty International.&nbsp;“Reforms should be firmly grounded in internationally recognized principles of judicial independence, separations of powers, transparency, and accountability. Reforms that depart from these principles risk weakening the very institutions they are intended to strengthen.”</p><p>The Nepal government should:</p>Respect and protect the independence and integrity of the judiciary by refraining from exerting pressure on judges to resign or from initiating impeachment proceedings, except on clearly established constitutional grounds and in accordance with the rule of law and due process guarantees.Ensure that appointments to judicial office, including the office of chief justice, are conducted through transparent, objective, and merit-based procedures capable of safeguarding judicial independence.Review the amendments to the Constitutional Council Act through an open parliamentary process and ensure that the legal framework governing judicial appointments adequately protects the judiciary from political domination and undue influence.&nbsp;Ensure that any future reforms affecting the judiciary strengthen judicial independence, transparency, accountability, and public confidence in the administration of justice, consistent with Nepal’s Constitution and the rule of law, including international human rights standards.&nbsp;",https://www.hrw.org/news/2026/07/24/nepal-government-actions-threaten-judicial-independence,2,-98.5795,39.8283,2026-07-29T23:18:14.251888+00:00
a386a20a78d83ecb0dae553d83f325657824e40a0705f2b8d12660cccb1a3abc,UK: Manchester Mayoral Candidates Should Condemn UAE Abuses,"Click to expand Image
          



  
        
  

        
                      
      
        
              From left to right: Bev Craig, Geraldine Coggins, Phil Eckersley, and Richard Kilpatrick, in Manchester, UK, July 8, 2026.
                    © 2026  Gary Roberts/Sopa Images via Reuters
          
    


  
<p>(London) – Candidates in the upcoming Greater Manchester mayoral by-election should publicly commit to engaging with the&nbsp;Emirati government on its egregious human rights record if elected, Human Rights Watch and FairSquare said today in a joint letter to the candidates.</p><p>The UAE has invested billions of pounds into both Manchester and its football club, Manchester City.&nbsp;</p>  



      
  









      
    
                        July 24, 2026
                        
    
              Joint Letter to Greater Manchester Mayoral Candidates on the United Arab Emirates and Human Rights Concerns

          
                              
        

        
                                    
      
                              
              
            
  
  

  
<p>“Manchester City Council’s ties to Emirati officials have given the UAE’s government valuable reputational cover while it backs forces committing atrocities in Sudan,” said Joey Shea, senior Saudi Arabia and UAE researcher at Human Rights Watch. “Mayoral candidates should not stay silent about the UAE’s record despite the money flowing through Manchester.”</p><p>Manchester City Council has a close financial relationship with senior figures in the Emirati government, in particular through its stake in the Manchester Life Development Company (MLDC), a joint venture ultimately&nbsp;controlled by Sheikh Mansour bin Zayed Al Nahyan, vice president and deputy prime minister of the UAE. The joint venture has offered the Emirati government valuable reputational benefits in the city of Manchester.</p><p>A May 2026 Human Rights Watch report adds to mounting evidence that the UAE has provided military support to the Rapid Support Forces (RSF) in Sudan, which is engaged in a conflict with the Sudan Armed Forces (SAF) for control of the country. The RSF is responsible for widespread war crimes, crimes against humanity, and other atrocities, including as part of a campaign of ethnic cleansing in the Darfur region.&nbsp;</p><p>Human Rights Watch found that Colombian private military contractors passed through Emirati military bases before being deployed to Sudan to support the RSF. This is further evidence indicating that the UAE is assisting or otherwise substantially contributing to the RSF’s capacity to commit war crimes.</p><p>Human Rights Watch located Colombian fighters at the site of abuses by the RSF during their takeover in October 2025 of North Darfur’s capital, El Fasher, a city they had besieged for 18 months. Foreign fighters, most likely Colombian military contractors, stood by while RSF fighters massacred men and women, including people with disabilities, and abducted many for ransom.</p><p>In February 2026, the UK’s Foreign, Commonwealth and Development Office&nbsp;added three Colombian nationals to the UK Sanctions List for their involvement in enlisting mercenaries from Colombia “to fight alongside the RSF in areas of Sudan, including El Fasher.”</p><p>The UAE hosts high-profile sporting, entertainment, and cultural events to promote a public image of openness that is at odds with the government’s efforts to prevent scrutiny of its rampant systemic human rights violations, at home and abroad. The UAE uses these events to burnish its image, despite suppressing dissent domestically and fueling rights abuses abroad.</p><p>Human Rights Watch has previously sought to engage with civic leaders in Manchester on issues relating to the UAE’s human rights record. In 2016, HRW requested that a then-senior figure in Manchester City Council, Sir Richard Leese,&nbsp;co-sign a letter calling on the UAE to release political prisoners and investigate torture allegations. Leese declined, stating that the Emirati government were “exemplary business partners” and the “alleged” abuses detailed in the letter were beyond the council’s sphere of influence.</p><p>As outlined in&nbsp;a 2023 FairSquare report, very few political leaders in Manchester have offered any criticism of the UAE, even though the city council has been engaged in joint commercial ventures with entities linked to the Emirati government.</p><p>The Manchester mayoral candidates should pledge that, if elected, they would press the UAE to end its support for the RSF. They should also promise to conduct human rights due diligence on UAE-linked investment in the city and region, by raising concerns directly with Emirati representatives and meeting Emirati human rights defenders, and speak out on the UAE’s domestic record.&nbsp;</p><p>“Manchester’s next mayor should be willing to stand up to the UAE given its domestic repression and support for the abusive RSF in Sudan,” said Alex Carlen, research and advocacy manager at FairSquare. “Given local government’s long-standing and extensive ties to the Emirati monarchy, voters need reassurance that investment from the UAE is not being used to deflect from its record as a human rights violator. Our letter offers all candidates the opportunity to speak out and lay out their position clearly.”</p>",https://www.hrw.org/news/2026/07/24/uk-manchester-mayoral-candidates-should-condemn-uae-abuses,4,-74.2973,4.5709,2026-07-29T23:18:14.252158+00:00
4da5d571b749fcbb6190196b5000961ef3940a8a12746f98fad918f5d19b70d7,Philippines: Rights Advocates in Mining Areas Face Prosecution,"Click to expand Image
          



  
        
  

        
                      
      
        
              Edgardo Balgos (in blue shirt) and Fidel Santos (in cream shirt) in discussions with the residents of Kasibu, Nueva Vizcaya, Philippines.
                    © Photo courtesy of Ellice Balgos
          
    


  
<p>(Manila) – Prosecutors in the Philippines should dismiss criminal libel complaints, including those filed by a mining company, against four rights advocates in Nueva Vizcaya province, Human Rights Watch said today.</p><p>In July 2026, the North Luzon Mineral Resources Corporation filed a criminal complaint for cyber-libel against two lawyers representing local communities. The complaint accused the lawyers of defaming the company through their statements on Facebook and on a radio broadcast in which they alleged that the company did not consult residents affected by the company’s operations, including farmers and members of the Indigenous Bugkalot/Ilangot tribe. Two community leaders also face cyber-libel complaints.</p><p>“Philippine prosecutors should dismiss criminal complaints filed by companies to silence communities raising concerns about their business operations,” said Lian Buan, Southeast Asia researcher at Human Rights Watch. “Philippine legislators should revive bills that would make it easier for the authorities to block such criminal lawsuits from proceeding.”</p><p>Cyber-libel, defined as libel “committed through a computer system or any other similar means,” is a criminal offense under the Cybercrime Prevention Act of 2012, punishable by 6 to 12 years in prison. Under Philippine law, prosecutors can dismiss criminal complaints, including for libel, for lack of evidence.</p><p>The lawyers, Fidel Santos and Edgardo Balgos, represent residents of Kasibu, a town in Nueva Vizcaya province. The residents filed a petition on July 14 before the Philippines Department of Environment and Natural Resources to cancel the company’s permit for mining exploration, alleging it had not adequately consulted the communities. The residents said in their petition that they have a Certificate of Land Ownership Award that confirms their land rights as agrarian reform beneficiaries, and that their area is protected watershed under local laws.</p><p>In the company’s complaint against the lawyers, filed on July 2, the company said that it had consulted with two communities twice in March 2024, before it was granted an exploration permit on June 25, 2025, covering 4,455 hectares encompassing different villages. The company said it has a certification from the Philippine National Commission on Indigenous Peoples that its permit area does not overlap with ancestral domain, a designation under Philippine law for territory used by Indigenous communities since time immemorial.</p><p>The pattern of criminal libel suits against the community leaders and their legal representatives have the effect of being so-called SLAPP suits, Strategic Lawsuits against Public Participation, Human Rights Watch said. “They are filing cases one after the other,” Santos said. “They targeted the leaders first, and now their lawyers.”</p><p>The cyber-libel charge against the lawyers has the effect of undermining their right to freedom of expression, and the residents’ right to legal representation during disputes, Human Rights Watch said. “As their lawyer, I have a responsibility to advocate for their cause,” Balgos said. “But this [criminal libel case] creates a chilling effect, because if their defender is being harassed, then the more afraid they are.”</p><p>A community leader, Florentino Daynos, is also facing a cyber-libel complaint that the company filed on June 19 for his support for a community barricade against mining exploration in Kasibu. On June 3, Daynos and another community leader, Anthony Glenn Guingayan Sr., were notified that other Nueva Vizcaya residents had brought additional cyber-libel complaints against them.</p><p>The complaints that the company filed directly will undergo preliminary investigation by prosecutors in Isabela province, where the company is based, a four-hour drive from the two lawyers. Filing complaints far from the defendant is a common tactic in libel cases in the Philippines.</p><p>Companies and Philippine authorities have used cyber-libel charges to intimidate critics. The United Nations special rapporteur on freedom of expression has specifically condemned the use of cybercrime laws to suppress free speech and criticism in the Philippines.</p><p>The cybercrime law and provisions on libel in the revised penal code seriously undermine the right to freedom of expression under the International Covenant on Civil and Political Rights, to which the Philippines is a party. Human Rights Watch opposes criminal defamation laws because they have a serious chilling effect on free speech.</p><p>The UN special rapporteur on the rights of freedom of peaceful assembly and of association has stated that “SLAPPs aim to shut down critical speech by intimidating critics into silence and draining their resources.”</p><p>Philippine authorities have not protected activists, lawyers, and others from such lawsuits by companies and state agencies, Human Rights Watch said. The UN special rapporteur on the promotion and protection of human rights in the context of climate change reported in August 2024 that there should be a “major judicial inquiry” in the Philippines “to review all cases in which environmental human rights defenders have been prosecuted on trumped-up charges.”</p><p>The Philippines has had special rules against SLAPPs since 2010 for environmental cases. However, the rules have not deterred the filing of SLAPPs against Philippine environmental defenders. The Philippine-based Legal Rights and Natural Resources Center has found that “many [environmental defenders] have been detained under false charges.”</p><p>House Bill No. 5592, filed in October 2022, seeks to expand SLAPP prohibitions to all public interest cases and make it mandatory for prosecutors and courts to determine whether a case is a SLAPP when it is filed and if so dismiss it summarily. The bill has not progressed in Congress.</p><p>The UN special rapporteur on freedom of expression has also recommended that states enact anti-SLAPP legislation, including early dismissal with awarding costs and other measures to penalize abuse.</p><p>“Efforts to target Indigenous communities and their lawyers in the courts should prompt firm action by the Philippine government,” Buan said. “If environmental and human rights advocacy is criminalized, affected communities will be unable to sound the alarm when corporations and officials threaten their rights.”</p>",https://www.hrw.org/news/2026/07/23/philippines-rights-advocates-in-mining-areas-face-prosecution,2,122.7312101,12.7503486,2026-07-29T23:18:15.357516+00:00
0703a7fd604c145811516d193e7059bfb8480e9656577bb4f22a913361066ebe,Corte Constitucional ordenó reabrir una terraza para beneficiar a unos abuelitos y que pudieran recibir sus medicamentos a través de un canasto,Son unos abuelitos de más de 80 años que viven en el quinto piso. La Asamblea del conjunto en Bucaramanga les prohibió usar el canasto.,https://www.eltiempo.com/colombia/santander/corte-constitucional-ordeno-reabrir-una-terraza-para-beneficiar-a-unos-abuelitos-y-que-pudieran-recibir-sus-medicamentos-a-traves-de-un-canasto-3574792,0,-98.5795,39.8283,2026-07-29T23:18:16.746732+00:00
70f53eb97ce34ad396b60a57c60bff92d3bbb31466ec896538b32a4ec9282393,US launches 'heavy' strikes on Iran after attempted attack on American troops,"After a short period of relative calm when hostilities were paused, both sides have now restarted missile attacks.",https://www.bbc.co.uk/news/articles/c74gwdzywmeo?at_medium=RSS&at_campaign=rss,4,53.688,32.4279,2026-07-31T00:45:13.341469+00:00
e85dce81e31b32456d38fcd5161c37af9475f41ae006b031e463b60055fd115a,Why limited war with the US may suit Iran better than peace,Iran may believe it can control its conflict carefully enough to keep pressure on the US while avoiding an all-out war.,https://www.bbc.co.uk/news/articles/c78gnyq3wvdo?at_medium=RSS&at_campaign=rss,2,53.688,32.4279,2026-07-31T00:45:13.341508+00:00
d6884ed19c64d15ae7719f8cab386fd485403e7a205303c19ce75ae9d5f9d8dc,Missile that left crater deep inside Poland was probably Russian - Polish PM,"The missile left a 10m-wide (33ft) crater a short distance from the village of Tarnawa Kolonia, about 100km from the border with Ukraine.",https://www.bbc.co.uk/news/articles/cwymkgenv2ro?at_medium=RSS&at_campaign=rss,0,105.3188,61.524,2026-07-31T00:45:13.341551+00:00
888e2d950b2126fc0da12c2480e314710f9dd2dac0ac9b04b17c61d84a33668b,"At least five members of same family killed in Russian missile attack, Zelensky says","A six-year-old girl and two boys, aged 11 and 17, were among six killed in a village near the central city of Kryvyi Rih.",https://www.bbc.co.uk/news/articles/cy8mk59l5jzo?at_medium=RSS&at_campaign=rss,4,105.3188,61.524,2026-07-31T00:45:13.341573+00:00
8ad5891ad5360a430613e8e0ebca6b44308f66cc0169e60aa3ec4609e56dac9e,Danube's record low levels force shutdown of Hungary's only nuclear plant,"Romania, Bulgaria and Serbia are also grappling with the effects of a series of prolonged heatwaves and low rainfall.",https://www.bbc.co.uk/news/articles/cn0nqv05g0do?at_medium=RSS&at_campaign=rss,0,24.6859225,45.9852129,2026-07-31T00:45:15.009666+00:00
2b907b5b688389bc8a4d8a6ac661d4a24439f40fe7770edccd75f41799a83635,Father of teen school shooter sentenced to 15 years in prison,"""It is clear you failed as a parent,"" the judge told Colin Gray, who was found guilty earlier this year on charges stemming from the deadly 2024 school attack.",https://www.bbc.co.uk/news/articles/c78g4y18rxgo?at_medium=RSS&at_campaign=rss,2,-74.0021776,40.7301463,2026-07-31T00:45:16.382417+00:00
a275ad9570d8a319fc970eca0ec9290b1422a1fae71a9f6d4db505cee021bda0,Thousands evacuated in Crete as wildfires threaten tourist resorts,Strong winds have fanned the flames in the Rethymno region as wildfires continue to ravage the Greek island.,https://www.bbc.co.uk/news/articles/c9w01781981o?at_medium=RSS&at_campaign=rss,0,-98.5795,39.8283,2026-07-31T00:45:16.382539+00:00
2639bc6ff365099b5cd249a37e58d822da9f4ffad38fce78cbbb8c7b6de60808,Worth $5m? Visitors react to renovated Washington horse statues,The Trump Administration has regilded the Arts of War statues near the Lincoln Memorial with 23.75-karat gold.,https://www.bbc.co.uk/news/videos/cly8xzmwpvmo?at_medium=RSS&at_campaign=rss,2,-83.8712801,31.524179,2026-07-31T00:45:17.482878+00:00
808e961a7b0c94e8201acce672c1e617ede087eae918621efe2874bef631c286,Salman Rushdie attacker convicted of terror offences,"Hadi Matar, 28, was convicted of attempting to help Hezbollah by attacking the British-Indian author.",https://www.bbc.co.uk/news/articles/c86ng1g5wy4o?at_medium=RSS&at_campaign=rss,2,34.5262371,40.1189945,2026-07-31T00:45:18.576497+00:00
5c2106c2a9931ef0e98bc49b561a2d587edfcedbf7e0c9e0ccadea72bdea2f87,Migrants seen swimming around border fence of Spanish enclave Ceuta,The North African enclave's leader said resources were being overwhelmed after so many people entered by sea from Morocco.,https://www.bbc.co.uk/news/videos/cnvnml1pen6o?at_medium=RSS&at_campaign=rss,0,-89.4220978,43.0346005,2026-07-31T00:45:20.250636+00:00
709aa1445d5076b632c2235493ab111912100dd7b289010890387deed58bfcc7,"US Escalation with Iran is ‘pointless’, warns former US diplomat","As US-Iran clashes escalate, former US Ambassador to UAE Barbara Leaf warns escalation is ‘fairly pointless’.",https://www.aljazeera.com/video/newsfeed/2026/7/31/us-escalation-with-iran-is-pointless-warns-former-us-diplomat?traffic_source=rss,2,53.688,32.4279,2026-07-31T00:45:43.644675+00:00
8245dae3668f9658825bf0ec51e7924ffcd701b10a94f5a4f7145791ab51a758,"Iran war live: Trump says Hamas to disarm, Israel to leave Gaza gradually",Hamas member told Al Jazeera all implementation would be conditioned on Israel implementing its part of deal.,https://www.aljazeera.com/news/liveblog/2026/7/31/iran-war-live-trump-says-hamas-to-disarm-israel-to-leave-gaza-gradually?traffic_source=rss,2,53.688,32.4279,2026-07-31T00:45:43.644720+00:00
d8d31000a69ca3831654d411eb564076a076365904140210c1f893ad34779b59,Will Saudi Arabia be dragged further into the war in Iran?,Anger in Iraq after US-Saudi strikes on paramilitary group with ties to Tehran.,https://www.aljazeera.com/video/inside-story/2026/7/30/will-saudi-arabia-be-dragged-further-into-the-war-in-iran?traffic_source=rss,4,53.688,32.4279,2026-07-31T00:45:43.644970+00:00
13760bc5ac76cb34103e5c1856271ec4ea2277f45b57dc3cf7e4ea0acef6bc40,Security camera shows ‘Russian missile’ exploding in Poland,Security camera video shows the moment a suspected Russian missile exploded inside Poland.,https://www.aljazeera.com/video/newsfeed/2026/7/30/security-camera-shows-russian-missile-exploding-in-poland?traffic_source=rss,0,105.3188,61.524,2026-07-31T00:45:43.645059+00:00
67464d71a89556184b4332c2a1c4df8346a179a8999ade3a6f399362da3c671c,US authorities probe cyberattack on water systems in Minnesota,A cyberattack targeted more than 30 water facilities in the Midwestern US state earlier this week.,https://www.aljazeera.com/news/2026/7/30/us-authorities-probe-cyberattack-on-water-systems-in-minnesota?traffic_source=rss,2,-94.6113288,45.9896587,2026-07-31T00:45:45.042093+00:00
db063033837c723944ceaf7e5cc058b09476638300d0fe71eb155eb5afe8ecb6,Pakistan coal mine explosion kills at least 32 miners,"Accidents common in Pakistan’s coal mining industry, particularly in Balochistan, where many mines lack basic safety.",https://www.aljazeera.com/news/2026/7/30/pakistan-coal-mine-explosion-kills-at-least-11-traps-dozens?traffic_source=rss,2,71.247499,30.3308401,2026-07-31T00:45:46.553450+00:00
3112195faebd34b23a910f7901f2c9d31d39a49a821b1cd0b448cc9d75ae5a50,"A quarter of young Africans believe USAID cuts could be positive, survey finds","<p>Losing funds should force leaders to confront their own challenges, they said, while many voiced concerns over increasing foreign influence </p><p>A quarter of young Africans believe aid cuts by the US could have a positive impact, saying that losing foreign money will force leaders to confront and solve their own challenges, according to a new survey.</p><p>In Ghana and Nigeria, almost half (41% and 40% respectively) of young people aged 18 to 24 were optimistic, with Liberia not far behind (37%). A further one in 10 (11%) young people were uncertain about the impact, according to the African Youth Survey, which interviewed almost 5,000 people across 16 of the continent’s 54 recognised countries.</p> <a href=""https://www.theguardian.com/global-development/2026/jul/30/a-quarter-of-young-africans-believe-usaid-cuts-could-be-positive-survey-finds"">Continue reading...</a>",https://www.theguardian.com/global-development/2026/jul/30/a-quarter-of-young-africans-believe-usaid-cuts-could-be-positive-survey-finds,0,-98.5795,39.8283,2026-07-31T00:45:46.830297+00:00
933eedc312d433762e531da7415c1006abaa61fc953dcd9c7d6b369fdddf4ac7,Australia news live: Australia sends firefighters to France as blazes rage; leaders gather for Garma festival,"<p>A Chinook helicopter equipped with a 11,300-litre water tank and a support aircraft would be deployed, alongside 24 skilled aerial and ground crew from the New South Wales Rural Fire Service. Follow live</p><ul><li><p>Get our <a href=""https://www.theguardian.com/email-newsletters?CMP=cvau_sfl"">breaking news email</a>, <a href=""https://app.adjust.com/w4u7jx3"">free app</a> or <a href=""https://www.theguardian.com/australia-news/series/full-story?CMP=cvau_sfl"">daily news podcast</a></p></li></ul><p><strong>eSafety commissioner says court action against Telegram ‘very significant’</strong></p><p><strong>Julie Inman Grant,</strong> the eSafety commissioner, spoke to the ABC this morning after <a href=""https://www.theguardian.com/australia-news/live/2026/jul/30/antisemitism-royal-commission-nsw-icac-inquiry-closing-the-gap-data-torres-strait-climate-appeal-anthony-albanese-labor-angus-taylor-coalition-ntwnfb?CMP=share_btn_url"">yesterday’s court action against Telegram</a> over its alleged failure to detect and remove pro-terror material from its platform.</p><p>The scars are still very raw around Bondi. … These are platforms – and they may be doing more content moderation and we would encourage that – but not to the degree that Australian law requires them to.</p><p>This is just upping the ante and it’s much more serious. And if they don’t comply when the court finds, or if the court finds against them, then they’ll be in contempt.</p> <a href=""https://www.theguardian.com/australia-news/live/2026/jul/31/australia-news-live-working-with-children-check-garma-festival-anthony-albanese-labor-angus-taylor-coalition-one-nation-pauline-hanson-ntwnfb"">Continue reading...</a>",https://www.theguardian.com/australia-news/live/2026/jul/31/australia-news-live-working-with-children-check-garma-festival-anthony-albanese-labor-angus-taylor-coalition-one-nation-pauline-hanson-ntwnfb,2,134.755,-24.7761086,2026-07-31T00:45:48.241632+00:00
278ac99a939b8e69e56a2193922e3da872050473fc7e50bf9b8a27007a792219,Governor general warns of ‘growing catastrophe’ that threatens to undermine democracy in Australia,"<p>Sam Mostyn says there is a widespread ‘failure to understand and engage with’ civic underpinnings of our democracy</p><ul><li><p><a href=""https://www.theguardian.com/australia-news/live/2026/jul/31/australia-news-live-working-with-children-check-garma-festival-anthony-albanese-labor-angus-taylor-coalition-one-nation-pauline-hanson-ntwnfb"">Follow our Australia news live blog for latest updates</a></p></li><li><p>Get our <a href=""https://www.theguardian.com/email-newsletters?CMP=cvau_sfl"">breaking news email</a>, <a href=""https://app.adjust.com/w4u7jx3"">free app</a> or <a href=""https://www.theguardian.com/australia-news/series/full-story?CMP=cvau_sfl"">daily news podcast</a></p></li></ul><p>Australia faces a “growing catastrophe” from poor understanding of the country’s constitutional foundation, the governor general, Sam Mostyn, has warned as attacks on institutions and threats against elected officials undermine democratic participation.</p><p>Two years after her <a href=""https://www.theguardian.com/australia-news/2024/apr/03/samantha-mostyn-sam-governor-general-australia"">appointment as King Charles’s representative</a> in Canberra, and as she brings a modern touch to the role of vice regal, Mostyn said that knowledge of how the country’s system of government operates was in steady decline and better civics education was needed.</p> <a href=""https://www.theguardian.com/australia-news/2026/jul/31/governor-general-warns-of-growing-catastrophe-that-threatens-to-undermine-democracy-in-australia-ntwnfb"">Continue reading...</a>",https://www.theguardian.com/australia-news/2026/jul/31/governor-general-warns-of-growing-catastrophe-that-threatens-to-undermine-democracy-in-australia-ntwnfb,4,-0.0889387,51.5141618,2026-07-31T00:45:49.506789+00:00
6d7d55f41bfac47dbd98a6b73993695bdd66b58ab6ece45cc6e2ee7df7887219,Book returned to Australian library – 150 years overdue,"<p>The book, Antiquities of Athens, was handed back to Kiama library by a man who found it bricked into a wall</p><p>An Australian public library has had a book returned an estimated 150 years late after being found behind a wall during a home renovation.</p><p>The book, Antiquities of Athens, published in 1858, was returned to the library in the seaside town of Kiama, south of <a href=""https://www.theguardian.com/australia-news/sydney"">Sydney</a>, by a man who had found it inside a tea crate bricked into a sealed fireplace</p> <a href=""https://www.theguardian.com/australia-news/2026/jul/30/book-returned-to-australian-library-150-years-overdue"">Continue reading...</a>",https://www.theguardian.com/australia-news/2026/jul/30/book-returned-to-australian-library-150-years-overdue,0,-122.3050334,47.6557637,2026-07-31T00:45:50.885502+00:00
686c8491fd94691d957f74594c1a355e7ea62428b548110170664932e26b68ee,"French riot police used teargas on people trying to board small boat, charity claims","<p>CRS officers funded by UK tried to stop boarding of boat, on day four asylum seekers died trying to cross Channel</p><p>French riot police funded by UK taxpayers used teargas on asylum seekers in an attempt to stop them from boarding a boat in which three women were later found dead, a charity has claimed.</p><p>Footage and photographs seen by the Guardian show CS gas canisters being fired towards groups of people on Plage du Braek near Dunkirk at 4am on Thursday. At 6am, three women were found dead in a boat near the same beach.</p> <a href=""https://www.theguardian.com/world/2026/jul/30/small-boat-deaths-channel-crossing-attempt"">Continue reading...</a>",https://www.theguardian.com/world/2026/jul/30/small-boat-deaths-channel-crossing-attempt,2,1.8883335,46.603354,2026-07-31T00:45:52.354994+00:00
887393fbc998be64a4f78e031583eec5566ba213753180e660439e092771997b,Russian missile destroys US firm’s Kyiv drone factory,"<p>Strike on Terminal Autonomy plant appears to be first time in the war that Moscow has targeted a US company</p><p>A drone factory in Kyiv destroyed by a Russian ballistic missile on Friday was owned by a US corporation registered in Delaware, in what appears to be the first time Moscow has targeted a US company in the conflict.</p><p>Terminal Autonomy makes precision “deep-strike” drones with guidance systems that are resistant to Russian jamming signals, according to a person familiar with the company.</p> <a href=""https://www.theguardian.com/world/2026/jul/30/us-firm-drone-factory-terminal-autonomy-ukraine-russia"">Continue reading...</a>",https://www.theguardian.com/world/2026/jul/30/us-firm-drone-factory-terminal-autonomy-ukraine-russia,4,105.3188,61.524,2026-07-31T00:45:52.355201+00:00
dc08270df3b41f0489307c97308a5417222eebfb20a6958dea7928f0cd08af7e,Russia accused of violating Polish airspace after missile explosion near village,"<p>Polish PM visits scene of crater thought to have occurred during deadly wave of attacks on Ukraine</p><p>Russia has been accused of violating Polish airspace, after a missile exploded in a field in the east of the country, triggering Nato air defences, in the midst of a massive air raid that killed 13 people in neighbouring Ukraine.</p><p>Polish authorities said that the explosion near the village of Tarnawa-Kolonia, close to Lublin, had created a 10-metre-wide crater. Residents of Tarnawa-Kolonia reported hearing an explosion at about 4am that shook the windows of their homes, police said.</p> <a href=""https://www.theguardian.com/world/2026/jul/30/ukraine-russia-missile-strikes-attack-kyiv"">Continue reading...</a>",https://www.theguardian.com/world/2026/jul/30/ukraine-russia-missile-strikes-attack-kyiv,8,105.3188,61.524,2026-07-31T00:45:52.355271+00:00
50ab548d779da791a8666815624af52b166202f893819c90c4211cb461b7bcf8,‘It was a big shock’: new border rules left couple stuck in Kraków after living in UK for 80 years,"<p>Maria and Czeslaw Krupa, who arrived as children of displaced Polish veterans, told they have no post-Brexit rights to return home to Bury</p><p>Two Polish citizens who have lived in the UK for nearly 80 years after their parents fled the second world war have spoken of their terrifying experience after being told they did not have post-Brexit rights to return to the UK.</p><p>In May, while visiting Poland, they learned that although they had been welcomed as refugees after the war, they now needed special post-Brexit paperwork to return to their home in Bury, Greater Manchester.</p> <a href=""https://www.theguardian.com/politics/2026/jul/30/how-couple-lived-in-uk-80-years-got-stuck-in-krakow"">Continue reading...</a>",https://www.theguardian.com/politics/2026/jul/30/how-couple-lived-in-uk-80-years-got-stuck-in-krakow,2,12.674297,42.6384261,2026-07-31T00:45:54.001950+00:00
114103b6d0a6cdf6a8287abffcbf56e25df54bd70798600654813e1c63a1df10,Trump claims agreement for ‘complete disarmament’ of Hamas in Gaza but support uncertain,"<p>US president’s board of peace says Israel will withdraw from Gaza following disarmament of Hamas but no immediate statement from either side</p><ul><li><p><a href=""https://www.theguardian.com/world/2026/feb/19/what-is-trumps-boards-of-peace-and-who-is-involved"">What is Trump’s Board of Peace and who is involved?</a></p></li></ul><p>Donald Trump on Thursday announced an agreement for the “complete disarmament” of Hamas, calling it a critical step toward a new Palestinian government in Gaza. There was no immediate statement from Hamas or Israel on the agreement.</p><p>“This agreement is a critical step towards Gaza finally being governed by a new Palestinian government that will work closely with the Board of Peace to help the Palestinian people,” Trump said in a social media post.</p> <a href=""https://www.theguardian.com/world/2026/jul/31/trump-hamas-disarmament-agreement-gaza-board-of-peace"">Continue reading...</a>",https://www.theguardian.com/world/2026/jul/31/trump-hamas-disarmament-agreement-gaza-board-of-peace,2,34.8516,31.0461,2026-07-31T00:45:54.002098+00:00
8f1a7841a10a33ae499c4608662f2d2424a544bea68788fd05adc205820144c0,Middle East crisis live: Trump claims breakthrough reached in Gaza disarmament; Israel and Hamas yet to comment,"<p>US president claims his Board of Peace has reached ‘historic agreement for the complete disarmament of Hamas and all other armed groups in Gaza’</p><ul><li><p><a href=""https://www.theguardian.com/world/2026/jul/30/us-strikes-iran-war-widening-iraq"">US launches fresh strikes on Iran after days-long pause, amid fears the war is widening</a></p></li></ul><p><strong>A liquefied natural gas tanker controlled by QatarEnergy exited the strait of Hormuz overnight</strong> – the first such vessel ⁠visible on ship-tracking data to ⁠leave the waterway ​since 11 July, data from analytics firms showed on Thursday.</p><p>The <strong>Al Areesh tanker</strong>, which loaded a cargo at Qatar’s Ras Laffan terminal around 4-6 July, sailed ⁠out of the strait overnight on 29 July, according to Kpler and LSEG data.</p> <a href=""https://www.theguardian.com/world/live/2026/jul/30/us-iran-war-live-updates-missile-strikes-attacks-iraq-egypt-middle-east-crisis-latest-news"">Continue reading...</a>",https://www.theguardian.com/world/live/2026/jul/30/us-iran-war-live-updates-missile-strikes-attacks-iraq-egypt-middle-east-crisis-latest-news,6,53.688,32.4279,2026-07-31T00:45:54.002217+00:00
ab9a379780fd6ce9cc787ab3677f0eebc20e41f4eb774fb693e8749c45608337,Saudi Arabia prepares sea and possible land offensive against Houthis,"<p>Yemeni sources say Saudis concentrating forces for what could be attack in central Yemen</p><p>Saudi Arabia is preparing for a major military offensive against the Houthis by sea and possibly by land in central Yemen, Yemeni sources believe, in a move to break the chokehold on its oil exports through the southern Red Sea.</p><p>Saudi forces have been seen withdrawing from the east of Yemen in what could be preparation for a land offensive. At the same time, Riyadh is trying to organise a naval coalition to protect shipping from Houthi attacks in the Red Sea and the Bab al-Mandab strait.</p> <a href=""https://www.theguardian.com/world/2026/jul/30/saudi-forces-planning-major-offensive-against-houthis-central-yemen"">Continue reading...</a>",https://www.theguardian.com/world/2026/jul/30/saudi-forces-planning-major-offensive-against-houthis-central-yemen,2,42.3528328,25.6242618,2026-07-31T00:45:55.224899+00:00
23308cabbb75188306b29e44bbc2d50adae8bf0e5fd99988f892ef121655068c,US hits dozens of targets in Iran overnight as peace efforts under threat,"<p>Central Command says strikes aimed at diminishing Iranian military while mediators say talks are continuing</p><ul><li><p><a href=""https://www.theguardian.com/world/live/2026/jul/30/us-iran-war-live-updates-missile-strikes-attacks-iraq-egypt-middle-east-crisis-latest-news"">Middle East crisis – live updates</a></p></li></ul><p>The US struck Iran overnight and Tehran retaliated at US allies in the region, reigniting the low-intensity, tit-for-tat war as mediators struggled to pull the two countries back to the negotiating table.</p><p>The US carried out overnight strikes on Iran – the first in<strong> </strong>more than five days – hours after Donald Trump vowed to hit the country “very hard” following Tehran’s targeting of a base in Jordan that hosts American troops.</p> <a href=""https://www.theguardian.com/world/2026/jul/30/us-strikes-iran-war-widening-iraq"">Continue reading...</a>",https://www.theguardian.com/world/2026/jul/30/us-strikes-iran-war-widening-iraq,6,53.688,32.4279,2026-07-31T00:45:55.224984+00:00
0cdbba73543fe41a71c2519cfb43b71b5d16d83c72c184fe5ec8a0a8b6d35e65,Iran’s war with the US is not its only conflict as internal crises mount,"<p>Government fears social discontent on ‘most important battlefield’ of economy and livelihoods as war takes its toll amid anti-state dissent</p><ul><li><p><a href=""https://www.theguardian.com/world/live/2026/jul/30/us-iran-war-live-updates-missile-strikes-attacks-iraq-egypt-middle-east-crisis-latest-news"">Middle East crisis live – latest updates</a></p></li></ul><p>Iran, in the middle of an escalating five-month war with the US, continues to stumble from one internal crisis to another – whether it is over public executions, the rising cost of living, the alleged bias of the state broadcaster or even the post-midnight destruction of pavements outside liberal-leaning Tehran cafes. Very little that happens in Iran, cultural or political, momentous or trivial, does so uncontested.</p><p>But there is now a growing threat of a long diplomatic deadlock, forged by mutual distrust in which neither side believes the other will stick to any agreement. That impasse has occurred as the war broadens, drawing in Yemen, Iraq and now Egypt. In Iran, at least, the advocates of escalation are winning. As a result, a convergence of Iran’s conflicts, internal and external, becomes more likely.</p> <a href=""https://www.theguardian.com/world/2026/jul/30/iran-war-us-conflict-internal-crises-economy-dissent"">Continue reading...</a>",https://www.theguardian.com/world/2026/jul/30/iran-war-us-conflict-internal-crises-economy-dissent,6,53.688,32.4279,2026-07-31T00:45:55.225060+00:00
7d385fa36a24ee825db64446f707851ea9a369601351dd316fcc92be26b08c1a,Hundreds evacuated after ‘apocalyptic’ wildfire near Suffolk nuclear power station,"<p>Major incident declared, with Sizewell B power station monitoring blaze and RSPB nature reserve badly hit</p><p>Hundreds of people have been evacuated and a major incident declared after a wildfire spread over more than 80 hectares (200 acres) on the coast of Suffolk, just a few miles from the Sizewell B nuclear power station.</p><p>The fire – which had been described by one witness as “apocalyptic” – was said to be stabilising on Thursday night. The statement was posted by Suffolk Fire and Rescue Service, which said at least 12 fire crews were remaining overnight in the area.<br /></p> <a href=""https://www.theguardian.com/uk-news/2026/jul/30/major-incident-fire-suffolk-coast-dunwich-heath-leiston"">Continue reading...</a>",https://www.theguardian.com/uk-news/2026/jul/30/major-incident-fire-suffolk-coast-dunwich-heath-leiston,0,149.2844444,-34.515,2026-07-31T00:45:56.666038+00:00
fc2a25e70abb9f4bf56507134d42ca426eaf5e11bcc060e8223068f09d69ab6b,Senate’s latest effort to halt Trump’s Iran hostilities fails in 49-50 vote as some Republicans side with Democrats – live,"<p>Republicans senators Susan Collins, Lisa Murkowski and Rand Paul voted in favor of the motion to prevent Trump from continuing hostilities against Iran</p><ul><li><p><a href=""https://www.theguardian.com/news/2026/feb/17/sign-up-for-the-breaking-news-us-email-to-get-newsletter-alerts-direct-to-your-inbox?utm_medium=ACQUISITIONS_STANDFIRST&amp;utm_campaign=BN22326&amp;utm_content=signup&amp;utm_term=standfirst&amp;utm_source=GUARDIAN_WEB"">Sign up for the US Breaking News email</a></p></li></ul><p>The <a href=""https://www.theguardian.com/business/useconomy"">US economy</a> expanded <strong>at a sluggish 1.5% pace from April through June as rising imports weighed on growth</strong>. But <strong>consumer spending rose</strong>. And the <a href=""https://www.theguardian.com/business/federal-reserve"">Federal Reserve</a>’s favored measure of <strong><a href=""https://www.theguardian.com/business/inflation"">inflation</a> grew more slowly last month despite remaining above the central bank’s 2% target</strong>.</p><p>The commerce department reported today that growth in US gross domestic product (GDP) – the nation’s output of goods and services – decelerated from 2.1% in the first three months of 2026 and came in below economists’ expectations.</p> <a href=""https://www.theguardian.com/us-news/live/2026/jul/30/donald-trump-todd-blanche-irs-justice-immigration-iran-latest-news-updates"">Continue reading...</a>",https://www.theguardian.com/us-news/live/2026/jul/30/donald-trump-todd-blanche-irs-justice-immigration-iran-latest-news-updates,0,-98.5795,39.8283,2026-07-31T00:45:56.666593+00:00
8094bb266cd3f239b9271521790e96540f3139908eda086ea4fbfaba83425aeb,🔴 Middle East live: Trump says Board of Peace reaches Hamas disarmament deal,,https://www.france24.com/en/middle-east/20260730-middle-east-live-trump-says-board-of-peace-reaches-hamas-disarmament-deal,0,-4.5144363,54.1784427,2026-07-31T00:45:58.006029+00:00
bd4c6ab4f84ebd32b874b167cf07e052116c2e5569dae368f206c9b6383d1939,Middle East live: Trump says Board of Peace reaches Hamas disarmament deal,"US President Donald Trump has said that his ‘Board of Peace’ has reached an agreement to disarm Palestinian group Hamas and all other armed groups in Gaza. Meanwhile, mediator Pakistan insists that negotiations between Iran and the United States are ongoing, even as Washington carried out a 'heavy wave of strikes' on its foe in retaliation for fresh attacks targeting Jordan. Follow our liveblog for all the latest updates.",https://www.france24.com/en/middle-east/20260730-middle-east-live-trump-says-board-of-peace-reaches-hamas-disarmament-deal,4,53.688,32.4279,2026-07-31T00:45:58.006119+00:00
1c56091663e95b8465066289a77a63feac6fb12f336d5ae188ad64bc0ed83efe,Pakistan says US-Iran talks still alive despite fresh wave of US strikes,"The renewed fighting has widened fears of a broader regional conflict, with Egypt hit for the first time and Gulf states scrambling to secure key shipping routes.",https://www.france24.com/en/middle-east/20260730-pakistan-says-us-iran-talks-still-alive-despite-fresh-wave-of-us-strikes,2,53.688,32.4279,2026-07-31T00:45:58.006147+00:00
beb58f22cc1e5227a10692837996a5f2b624ad86fa67486c2a5c657a6edd286c,"Climate change made France, Spain wildfire conditions far more likely, scientists say","Researchers warn that hotter, drier conditions are making severe wildfire seasons increasingly frequent across Europe.",https://www.france24.com/en/europe/20260730-climate-change-made-france-spain-wildfire-conditions-far-more-likely-scientists-say,2,-122.3539905,47.6219014,2026-07-31T00:45:59.330705+00:00
1423bab42caad7da5f3e121e89d2af25c02fc18f0550ca6be540904554261a8a,"France, Spain eye respite from wildfires as other blazes break out in Europe","A massive wildfire that has devastated southwestern France was no longer advancing on Thursday, local authorities said, raising hopes the crisis was easing. In Spain, most of the tens of thousands of people evacuated from areas west of Madrid were cleared to return home after the state of emergency was lifted. Firefighters, however, remained locked in battles against major blazes in the UK, Greece, Portugal and Turkey.",https://www.france24.com/en/europe/20260730-france-spain-eye-respite-from-wildfires-as-other-blazes-break-out-in-europe,0,-98.5795,39.8283,2026-07-31T00:45:59.330912+00:00
fe617713381405be2038bad144426c8f2f7e1dab8deab3115eff990c2ee9c2f6,"Russian missiles interception rate in Ukraine dropped from 90% back in March to 70%, expert says","A Russian ballistic missile and drone barrage across Ukraine overnight killed at least 10 civilians, including children. Ukraine's air force said it had managed to intercept 55 missiles and 265 drones launched by Moscow -- but it has struggled to intercept the advanced ballistic missiles that Russia is increasingly deploying. Speaking with FRANCE 24's Sharon Gaffney, former British Army captain, Patrick Bury, Senior Associate Professor in Warfare and Counter-terrorism at the University of Bath, explains that ""the average interception rate of Russian missiles has dropped from probably around 90% back in March to 70-75%, sometimes below""",https://www.france24.com/en/russian-missiles-interception-rate-in-ukraine-dropped-from-90-back-in-march-to-70-expert-says,4,105.3188,61.524,2026-07-31T00:45:59.330987+00:00
349c16706acb36678057c552e273c7a4b12237715f50a604c5cbbd3dedbb68cf,Spain to deploy military to restore order in Ceuta after thousands of people breach Morocco’s border,"Madrid on Thursday said it would deploy soldiers to Ceuta to ensure security after hundreds of migrants entered the Spanish north African exclave from Morocco, mainly by swimming, and reported nine deaths. The ​Italian ​government is considering ​suspending ‌the ⁠EU ‌Schengen ⁠agreement with ​Spain ‌in light of ‌the ​migrant crisis in ​Ceuta. FRANCE 24's Sarah Morris reports from Madrid.",https://www.france24.com/en/spain-to-deploy-military-to-restore-order-in-ceuta-after-thousands-of-people-breach-morocco-s-border,0,-98.5795,39.8283,2026-07-31T00:45:59.331094+00:00
d4c3d7e8e71ccb0cd25fc30efd1dd6655ef81f5281342ddb75384a344ad9582a,🔴 Spain deploys military as hundreds cross into Ceuta from Morocco,,https://www.france24.com/en/europe/20260730-hundreds-of-migrants-enter-spain-north-african-territory-ceuta-from-morocco,0,-4.8379791,39.3260685,2026-07-31T00:46:00.935755+00:00
846ed77cd4c22420a3219ce08d07ae99afcc89e0121a15e3f2d4342f66b0bb97,'Not an infringement on freedom of expression': French minister defends expulsion of Russian pundit,"France's Interior Minister Laurent Nunez defended the decision to expel pro-Kremlin commentator Xenia Fedorova, saying on Thursday that the measure was ""not an infringement on freedom of expression"". Authorities ordered her to leave France on Wednesday amid allegations that she had relayed Kremlin propaganda on French TV channels.",https://www.france24.com/en/france/20260730-not-an-infringement-on-freedom-of-expression-french-minister-defends-expulsion-of-russian-commentator,0,105.3188,61.524,2026-07-31T00:46:00.936013+00:00
724e54f8acbd50904653143502095110463622687373570c516c07a709a0ce81,France's unprecedented wildfires: Convergence of climate change and historical landscape engineering,"Delano D'Souza is pleased to welcome Dr. Melissa Sterry, Scientist, Designer, Strategist and Founding Director of Panarchic Codex® : Design for Living with Wildfire. Dr. Sterry reframes wildfire as a systemic phenomenon: climate change intensifies heat and drought, nineteenth century land engineering has produced highly combustible plantation forests, and expanding human activity increases ignition opportunities. Once these factors align, fires can evolve into autonomous systems that generate their own weather and even create new ignition sources. While she praises France's emergency response, Dr. Sterry contends that prevention and firefighting alone cannot solve the problem. The real challenge lies in redesigning landscapes before fires gain momentum, shifting policy from reacting to disasters towards preventing them through long-term ecological resistance and resilience.",https://www.france24.com/en/france-s-unprecedented-wildfires-convergence-of-climate-change-and-historical-landscape-engineering,2,7.5636659,47.5854691,2026-07-31T00:46:02.267025+00:00
dc08b18065d11fb62e5c764de91b2dbc8d839e3e226734da478b5b587be2b62d,France wildfires: Risk remains 'extremely high' despite slight weather improvement,"France's wildfire risk remains ""extremely high"" despite a slight improvement in weather conditions, Interior Minister Laurent Nunez said on Thursday (July 30), citing persistent drought and fast-spreading blazes across the country. Nunez said higher humidity and weaker winds had helped conditions, but authorities still dealt with 26 fires nationwide on Wednesday (July 29) alone, warning that vegetation remained highly combustible.",https://www.france24.com/en/video/20260730-france-wildfires-risk-remains-extremely-high-despite-slight-weather-improvement,2,1.8883335,46.603354,2026-07-31T00:46:03.816917+00:00
5fa105a0730caffa8e9ba6e82c3862f9e68d8e65a399e0bb2f6cb2e8bfb792ab,Warsaw blames Moscow after a missile crashes in Poland,"Polish authorities are investigating an object that came down in eastern Poland overnight and is thought to be a Russian missile, Prime Minister Donald Tusk said on Thursday. The discovery followed reports of an explosion, with investigators finding a crater and debris scattered across a nearby field.",https://www.france24.com/en/europe/20260730-warsaw-blames-moscow-after-a-missile-crashes-in-poland,4,105.3188,61.524,2026-07-31T00:46:03.817088+00:00
869f3070553408cfad2652eb34653f0e5a9dc7885d775e78ebfb58e03c6fabc6,Spain deploys military as hundreds cross into Ceuta from Morocco,"Spain will deploy military units to support police in Ceuta after hundreds of migrants breached the border fences from Morocco on Thursday, overwhelming local security forces. Nine bodies have been recovered, a Spanish government spokeswoman said Thursday.",https://www.france24.com/en/europe/20260730-hundreds-of-migrants-enter-spain-north-african-territory-ceuta-from-morocco,0,-4.8379791,39.3260685,2026-07-31T00:46:05.149114+00:00
478a4d2d03ce0be9d1d4e08b10d591d3dcf59f96689860bea9d94d9c2a11a49f,"#Ukraine pounded in Russian attack, Polish airspace 'violated'","In #Russia's latest deadly attack on #Ukraine, an unidentified object violated Polish airspace and crashed into a field. Ukrainian President Volodymyr #Zelensky has urged allies for anti-ballistic #missiles against 'Russian terror', while the #EU has slammed the attack.",https://www.france24.com/en/video/20260730-ukraine-pounded-in-russian-attack-polish-airspace-violated-1,2,105.3188,61.524,2026-07-31T00:46:05.149174+00:00
53f46c97a26acb2d706fea3d73d38f69095011d4025d24d69009c50919661f59,Australia School Photos Scraped for AI-Fueled Image Misuse,"Click to expand Image
          



  
        
  

        
                      
      
        
              Students taking a group photo.
                    © 2016 Owen Franken/Getty Images 
          
    


  
<p>Australia’s eSafety commissioner issued an&nbsp;advisory on July 28 urging schools to review how they share images online, citing a rise in the misuse of school photos. Between January and March 2026, the commissioner received over 100&nbsp;reports concerning anonymous accounts targeting schools and school staff through misuse of images taken from official school websites and social media accounts. Much of the content, shared on platforms including TikTok and Instagram, involved artificial intelligence (AI)-generated materials depicting both children and school staff, including sexualized deepfake images, face swaps, and other manipulated imagery.</p><p>In 2024, Human Rights Watch&nbsp;documented that the personal photos of Australian children, including images posted by schools, had been scraped and used to train AI models. In addition to privacy risks, these practices&nbsp;enable the creation of convincing deepfakes, including sexualized imagery of children, which put children at even more risk of exploitation and harm.</p><p>Once online, images shared by schools can be rapidly manipulated and distributed. Photos in data sets used to train AI models can also reveal information that could identify children, including names, events, locations, and schedules. This could expose children to lasting harm, as both the original images and malicious deepfakes created from them can remain accessible indefinitely.</p><p>Australia has been considering stronger child data protections rules through the government’s proposed Children’s Online Privacy Code. The&nbsp;draft code, published in March, is expected to be finalized later this year. This code is a&nbsp;critical opportunity to strengthen protections for children’s personal information and require companies to act in children’s best interests in accordance with international human rights law.&nbsp;</p><p>The cases highlighted by eSafety underscore the growing risks of a regulatory environment that does not explicitly prohibit the scraping and reuse of children’s images and personal data. As the government moves towards finalizing the code, it should ensure that it explicitly prohibits the scraping of children’s photos and personal data for AI training. It should also prohibit the digital replication or manipulation of children’s likenesses.&nbsp;</p><p>Children should not have to worry that photographs shared online by their schools will be scraped, manipulated, and turned into harmful content beyond their control. Australia should make it clear as a matter of law that children’s images are not raw material for AI models.&nbsp;</p>",https://www.hrw.org/news/2026/07/30/australia-school-photos-scraped-for-ai-fueled-image-misuse,2,134.755,-24.7761086,2026-07-31T00:46:07.448563+00:00
8da0444ccf232a1790990fab15c4f040ee2eb522041d2373ac9797e9879c64f4,De volver a escribir a recuperar la autonomía: las cirugías gratuitas en Medellín que le cambian la vida a más de 100 colombianos,"Con 115 postulaciones nacionales, la nueva jornada brindará atención integral, procedimientos especializados y rehabilitación médica desde Medellín.",https://www.eltiempo.com/colombia/medellin/de-volver-a-escribir-a-recuperar-la-autonomia-las-cirugias-gratuitas-en-medellin-que-le-cambian-la-vida-a-mas-de-100-colombianos-3575096,0,-74.2973,4.5709,2026-07-31T00:46:08.761077+00:00
99a91e59f03dd7f9aa720219f0bd1facdc8d6a93651363ecb2d9c87b1ffe707b,Colombiana que estudió en Italia reveló cuáles son las becas para estudiar en el exterior con todo incluido: 'Te pagan hasta para que vivas allá',Entre las opciones mencionadas hay programas para pregrado y posgrado que financian desde la matrícula hasta los gastos de manutención.,https://www.eltiempo.com/colombia/otras-ciudades/colombiana-que-estudio-en-italia-revelo-cuales-son-las-becas-para-estudiar-en-el-exterior-con-todo-incluido-te-pagan-hasta-para-que-vivas-alla-3575045,0,-74.2973,4.5709,2026-07-31T00:46:08.761345+00:00
611d85690986a5862f7ad8354a73663aed5542ad9e5d85e3845c230242539c81,"Enfrentamientos entre el Eln y el 'Clan del Golfo' en Tarazá, Antioquia, dejan al menos cinco muertos por detonaciones de explosivos",El panorama de orden público en el Bajo Cauca antioqueño se ha recrudecido a raíz de enfrentamientos por el control de rutas ilícitas.,https://www.eltiempo.com/colombia/medellin/enfrentamientos-entre-el-eln-y-el-clan-del-golfo-en-taraza-antioquia-dejan-al-menos-cinco-muertos-por-detonaciones-de-explosivos-3575110,0,-120.5288106,47.0345065,2026-07-31T00:48:25.055439+00:00
52a8671d01780c15c94f8a874d1ace77ad78dfb513fc690ce29e8e39bb1c62ac,London protesters march through streets in solidarity with Azad Kashmir,Protesters in London marched from Hyde Park towards the Pakistan High Commission on Thursday.,https://www.aljazeera.com/video/newsfeed/2026/7/31/london-protesters-march-through-streets-in-solidarity-with-azad-kashmir?traffic_source=rss,2,-0.1277653,51.5074456,2026-07-31T01:45:46.654979+00:00
3835c8567cf23152490271ebabc104dc28aa7ab3bc25f1d4ae2b400f4ec1e2e1,Middle East crisis live: Trump claims breakthrough reached in Gaza disarmament; Hamas reportedly confirms deal,"<p>US president claims his Board of Peace has reached ‘historic agreement for the complete disarmament of Hamas and all other armed groups in Gaza’</p><ul><li><p><a href=""https://www.theguardian.com/world/2026/jul/30/us-strikes-iran-war-widening-iraq"">US launches fresh strikes on Iran after days-long pause, amid fears the war is widening</a></p></li></ul><p><strong>A liquefied natural gas tanker controlled by QatarEnergy exited the strait of Hormuz overnight</strong> – the first such vessel ⁠visible on ship-tracking data to ⁠leave the waterway ​since 11 July, data from analytics firms showed on Thursday.</p><p>The <strong>Al Areesh tanker</strong>, which loaded a cargo at Qatar’s Ras Laffan terminal around 4-6 July, sailed ⁠out of the strait overnight on 29 July, according to Kpler and LSEG data.</p> <a href=""https://www.theguardian.com/world/live/2026/jul/30/us-iran-war-live-updates-missile-strikes-attacks-iraq-egypt-middle-east-crisis-latest-news"">Continue reading...</a>",https://www.theguardian.com/world/live/2026/jul/30/us-iran-war-live-updates-missile-strikes-attacks-iraq-egypt-middle-east-crisis-latest-news,6,53.688,32.4279,2026-07-31T01:45:47.002672+00:00
b7a12e9dffe750384d3670e0e552972c9f66c030ae02c85290d0609751f70b42,Histórico despliegue de seguridad: 11.000 efectivos blindarán Cali y municipios del Valle del Cauca para la posesión de Abelardo De La Espriella,"Autoridades nacionales y regionales coordinan un esquema de seguridad que incluye vigilancia aérea, sistemas antidrones y recompensas por información.",https://www.eltiempo.com/colombia/cali/historico-despliegue-de-seguridad-11-000-efectivos-blindaran-cali-y-municipios-del-valle-del-cauca-para-la-posesion-de-abelardo-de-la-espriella-3575111,0,-59.4297982,-34.6528962,2026-07-31T01:45:50.241367+00:00
5eab345bceada08956c5f65b7c66eaf368b26ee5505035c599e7532c8b016ce9,Spain deploys military to Ceuta after deadly migrant surge,Spain has deployed its military to Ceuta after thousands of migrants overwhelmed police barricades.,https://www.aljazeera.com/video/newsfeed/2026/7/31/spain-deploys-military-to-ceuta-after-deadly-migrant-surge?traffic_source=rss,0,-98.5795,39.8283,2026-07-31T01:53:06.690135+00:00
