{
  "type": "FeatureCollection",
  "features": [
    {
      "type": "Feature",
      "geometry": {
        "type": "Point",
        "coordinates": [
          -88.4269462,
          44.9675818
        ]
      },
      "properties": {
        "id_hash": "54f192c1601de8c31e50f3efa7714f563f85d1f1426d6443ac3a70d9645088fb",
        "title": "How US commerce secretary's Epstein links were uncovered by British whistleblower",
        "summary": "Simon Andriesz made the discovery about Howard Lutnick in publicly released Epstein files.",
        "link": "https://www.bbc.co.uk/news/articles/c9q28dlyxrzo?at_medium=RSS&at_campaign=rss",
        "place": "How",
        "severity": 2,
        "scraped_at": "2026-07-14T17:12:30.477501+00:00"
      }
    },
    {
      "type": "Feature",
      "geometry": {
        "type": "Point",
        "coordinates": [
          34.8516,
          31.0461
        ]
      },
      "properties": {
        "id_hash": "06f03eb123b900bf93a30a1b323c012cad9296d6b68bcacac7515feced3adb85",
        "title": "Israeli strike on police post in north Gaza kills seven, officials say",
        "summary": "A senior officer in the Hamas-run police force was among those killed in the strike, which Israel's military says targeted \"terrorists\".",
        "link": "https://www.bbc.co.uk/news/articles/cqj1jqeyl5ro?at_medium=RSS&at_campaign=rss",
        "place": "israel",
        "severity": 6,
        "scraped_at": "2026-07-14T17:12:30.477655+00:00"
      }
    },
    {
      "type": "Feature",
      "geometry": {
        "type": "Point",
        "coordinates": [
          53.688,
          32.4279
        ]
      },
      "properties": {
        "id_hash": "6d6fd6c9ee1373aeba9d67895def046911999340d6bc86e88079b7a53b0441a2",
        "title": "Yemen's Houthis launch missiles at Saudi Arabia after strikes on Sanaa airport",
        "summary": "The Iran-backed Houthis blame Saudi Arabia for the attack in Yemen's capital and say they targeted Abha airport in response.",
        "link": "https://www.bbc.co.uk/news/articles/cp9ldle3d3xo?at_medium=RSS&at_campaign=rss",
        "place": "iran",
        "severity": 4,
        "scraped_at": "2026-07-14T17:12:30.477867+00:00"
      }
    },
    {
      "type": "Feature",
      "geometry": {
        "type": "Point",
        "coordinates": [
          -74.2973,
          4.5709
        ]
      },
      "properties": {
        "id_hash": "15356a331ebd466e0211d5ed72a27b18105722d902470b701b7205644370e7bd",
        "title": "Colombian national killed by ICE agent during operation in Maine",
        "summary": "It comes less than a week after an undocumented migrant was fatally shot in Houston by an immigration agent.",
        "link": "https://www.bbc.co.uk/news/articles/c2ly580kxnko?at_medium=RSS&at_campaign=rss",
        "place": "colombia",
        "severity": 2,
        "scraped_at": "2026-07-14T17:12:30.477903+00:00"
      }
    },
    {
      "type": "Feature",
      "geometry": {
        "type": "Point",
        "coordinates": [
          29.4917691,
          14.5844444
        ]
      },
      "properties": {
        "id_hash": "3c5add3e113ffeb48045a5156ff7ee01baddf3dedfab5400885c8c438242b6d5",
        "title": "EU bans gold imports from Sudan to curb money financing the war",
        "summary": "The ban also restricts exports of mercury and cyanide to Sudan, chemicals widely used in gold mining.",
        "link": "https://www.bbc.co.uk/news/articles/ce3e3nqwr5do?at_medium=RSS&at_campaign=rss",
        "place": "Sudan",
        "severity": 2,
        "scraped_at": "2026-07-14T17:12:31.261311+00:00"
      }
    },
    {
      "type": "Feature",
      "geometry": {
        "type": "Point",
        "coordinates": [
          47.0737042,
          34.3517653
        ]
      },
      "properties": {
        "id_hash": "01ebe2b39f715c68e6711ebde6e4738d2185801664791950f6e7f1cd5989390d",
        "title": "Health fears as frail Indian activist on hunger strike loses 8.2kg",
        "summary": "The environmental activist has been on a hunger strike for 16 days and is getting visibly weaker.",
        "link": "https://www.bbc.co.uk/news/articles/cvgm2rz5d7lo?at_medium=RSS&at_campaign=rss",
        "place": "Health",
        "severity": 2,
        "scraped_at": "2026-07-14T17:12:32.027977+00:00"
      }
    },
    {
      "type": "Feature",
      "geometry": {
        "type": "Point",
        "coordinates": [
          -110.1018937,
          32.7311245
        ]
      },
      "properties": {
        "id_hash": "f18d898a6829c57da0a1b6f186879c2deccd05092a9be9e09815abcfc90f602d",
        "title": "Lindsey Graham's sister chosen as replacement after senator's death",
        "summary": "The South Carolina governor chose the senator's little sister to serve out the rest of his term after Graham's death on Saturday.",
        "link": "https://www.bbc.co.uk/news/articles/c05y3rlvp20o?at_medium=RSS&at_campaign=rss",
        "place": "Lindsey Graham",
        "severity": 0,
        "scraped_at": "2026-07-14T17:12:33.581301+00:00"
      }
    },
    {
      "type": "Feature",
      "geometry": {
        "type": "Point",
        "coordinates": [
          6.4416347,
          51.1785153
        ]
      },
      "properties": {
        "id_hash": "d0a36856ae2419ba219ca43d8f75127bade7520b32026ca1c05ba6e7d9d184c3",
        "title": "New era for Gibraltar with removal of 118-year-old border controls with Spain",
        "summary": "It is hoped that free movement between the UK territory and Spain will provide an economic boost.",
        "link": "https://www.bbc.co.uk/news/articles/cwydz60j3eno?at_medium=RSS&at_campaign=rss",
        "place": "New",
        "severity": 0,
        "scraped_at": "2026-07-14T17:12:34.420006+00:00"
      }
    },
    {
      "type": "Feature",
      "geometry": {
        "type": "Point",
        "coordinates": [
          34.8516,
          31.0461
        ]
      },
      "properties": {
        "id_hash": "60fe82dbfa2197f798df1e9b994bc3a8074132d61416d353a373322dd637d09a",
        "title": "Israeli attack on north Gaza police station kills eight",
        "summary": "Gaza&#039;s interior ministry denounces &#039;horrific massacre&#039; that killed station chief, other police personnel and a civilian.",
        "link": "https://www.aljazeera.com/news/2026/7/14/israeli-attack-on-north-gaza-police-station-kills-eight?traffic_source=rss",
        "place": "israel",
        "severity": 6,
        "scraped_at": "2026-07-14T17:12:35.971184+00:00"
      }
    },
    {
      "type": "Feature",
      "geometry": null,
      "properties": {
        "id_hash": "64d4b2f7268aef47ebfc97c0ed1244de49120140e4aceb50e8e648472b403c93",
        "title": "Leading Houthi threatens ‘siege’ on Saudi Arabia after Yemen airport attack",
        "summary": "Speaking to Al Jazeera, leading Houthi Mohammed al-Bukhaiti warns of attacks on Saudi Arabia.",
        "link": "https://www.aljazeera.com/news/2026/7/14/leading-houthi-threatens-siege-on-saudi-arabia-after-yemen-airport-attack?traffic_source=rss",
        "place": "Leading Houthi",
        "severity": 4,
        "scraped_at": "2026-07-14T17:12:37.058125+00:00"
      }
    },
    {
      "type": "Feature",
      "geometry": {
        "type": "Point",
        "coordinates": [
          53.688,
          32.4279
        ]
      },
      "properties": {
        "id_hash": "6a7695bb6595a5bbaaeea1303cf3ccc50c41835b62fb1eef00a7261d72df8343",
        "title": "Even if the Iran war ends, the next fossil fuel shock is already on its way",
        "summary": "To prepare, the world needs to focus on building energy independence through renewables and decentralisation.",
        "link": "https://www.aljazeera.com/opinions/2026/7/14/even-if-the-iran-war-ends-the-next-fossil-fuel-shock-is-already-on-its-way?traffic_source=rss",
        "place": "iran",
        "severity": 2,
        "scraped_at": "2026-07-14T17:12:37.058267+00:00"
      }
    },
    {
      "type": "Feature",
      "geometry": {
        "type": "Point",
        "coordinates": [
          53.688,
          32.4279
        ]
      },
      "properties": {
        "id_hash": "48f40ba6baa2535d4a83640990eab638ba0125415eb365edff58a6fd92943cb4",
        "title": "India summons Iranian diplomat over missile killing of seafarer",
        "summary": "India summoned Iran&#039;s deputy ambassador after an Indian crew member was killed in the Strait of Hormuz.",
        "link": "https://www.aljazeera.com/video/newsfeed/2026/7/14/india-summons-iranian-diplomat-over-missile-killing-of-seafarer?traffic_source=rss",
        "place": "iran",
        "severity": 2,
        "scraped_at": "2026-07-14T17:12:37.058329+00:00"
      }
    },
    {
      "type": "Feature",
      "geometry": {
        "type": "Point",
        "coordinates": [
          105.3188,
          61.524
        ]
      },
      "properties": {
        "id_hash": "1d3d5059cf411d1cb1ffbcd64959c33b1cd7393c4c7938a135ab1990d1c3bb58",
        "title": "Olympic funding questioned by nine EU nations over Russia readmission",
        "summary": "Nine EU nations urge funding cuts for sports bodies including International Olympic Committee over readmitting Russians.",
        "link": "https://www.aljazeera.com/sports/2026/7/14/olympic-funding-questioned-by-nine-eu-nations-over-russia-readmission?traffic_source=rss",
        "place": "russia",
        "severity": 0,
        "scraped_at": "2026-07-14T17:12:37.058368+00:00"
      }
    },
    {
      "type": "Feature",
      "geometry": {
        "type": "Point",
        "coordinates": [
          105.3188,
          61.524
        ]
      },
      "properties": {
        "id_hash": "84305d1c69d5000e0e8c2fb10a1dd05997e3a0d7aa4f66709942615c20a65db9",
        "title": "Russia-Ukraine war: What is Europe’s new ballistic missile shield plan?",
        "summary": "Nine European countries and Ukraine have launched a coalition to build Europe&#039;s own defence against ballistic missiles.",
        "link": "https://www.aljazeera.com/news/2026/7/14/russia-ukraine-war-what-is-europes-new-ballistic-missile-shield-plan?traffic_source=rss",
        "place": "russia",
        "severity": 2,
        "scraped_at": "2026-07-14T17:12:37.058469+00:00"
      }
    },
    {
      "type": "Feature",
      "geometry": {
        "type": "Point",
        "coordinates": [
          77.2090057,
          28.6138954
        ]
      },
      "properties": {
        "id_hash": "d5fd3277ec9a81bb7372b4fdb345df23ad4e886ed32617f8123e9b6d433f0ea5",
        "title": "Indian activist Wangchuk urged to end hunger strike over exam paper leaks",
        "summary": "Sonam Wangchuk has been​ fasting in New Delhi since June 28 in solidarity with Gen Z-led Cockroach Janta Party.",
        "link": "https://www.aljazeera.com/news/2026/7/14/indian-activist-wangchuk-urged-to-end-hunger-strike-over-exam-paper-leaks?traffic_source=rss",
        "place": "New Delhi",
        "severity": 2,
        "scraped_at": "2026-07-14T17:12:38.422550+00:00"
      }
    },
    {
      "type": "Feature",
      "geometry": {
        "type": "Point",
        "coordinates": [
          53.688,
          32.4279
        ]
      },
      "properties": {
        "id_hash": "0b2966ffd3ff0df9bf4cb113d0c5ba9e54348076b72006d253ecdcc76632a5e3",
        "title": "Iran lawmakers present Hormuz management bill as US war heats up",
        "summary": "Hardline MPs table plan that aims to formalise control over the strait and undermine any negotiations.",
        "link": "https://www.aljazeera.com/news/2026/7/14/iran-lawmakers-present-hormuz-management-bill-as-us-war-heats-up?traffic_source=rss",
        "place": "iran",
        "severity": 2,
        "scraped_at": "2026-07-14T17:12:38.422697+00:00"
      }
    },
    {
      "type": "Feature",
      "geometry": {
        "type": "Point",
        "coordinates": [
          53.688,
          32.4279
        ]
      },
      "properties": {
        "id_hash": "b7a5285e04d89f9c03beba74c836a90b673064eea989e226404258a687d12f1f",
        "title": "What’s behind the Sanaa Airport attack and latest Yemen tensions?",
        "summary": "A diverted Iranian plane, a strike on Sanaa Airport and threats of retaliation have reignited tensions in Yemen.",
        "link": "https://www.aljazeera.com/video/newsfeed/2026/7/14/whats-behind-the-sanaa-airport-attack-and-latest-yemen-tensions?traffic_source=rss",
        "place": "iran",
        "severity": 4,
        "scraped_at": "2026-07-14T17:12:38.422803+00:00"
      }
    },
    {
      "type": "Feature",
      "geometry": {
        "type": "Point",
        "coordinates": [
          21.6610291,
          3.5113716
        ]
      },
      "properties": {
        "id_hash": "8309414247704b5526b6bd9d04a9f1efe6dcee47bb39e488812e0307127db7ba",
        "title": "WHO warns DR Congo Ebola outbreak may be double the official tally",
        "summary": "UN health agency says cases are underreported while doctors at outbreak epicentre threaten to go on strike.",
        "link": "https://www.aljazeera.com/news/2026/7/14/who-warns-dr-congo-ebola-outbreak-may-be-double-the-official-tally?traffic_source=rss",
        "place": "Congo Ebola",
        "severity": 4,
        "scraped_at": "2026-07-14T17:12:39.751845+00:00"
      }
    },
    {
      "type": "Feature",
      "geometry": {
        "type": "Point",
        "coordinates": [
          105.3188,
          61.524
        ]
      },
      "properties": {
        "id_hash": "6f73d8a3d0b3ca37fa95ba82e6fa3b40ffca308696dc7663cabe8a385829b6a7",
        "title": "Russia readies to reroute exports from Sea of Azov after Ukrainian attacks",
        "summary": "Ukraine says drones hit 11 Russian vessels in the Azov Sea, targeting tankers, dry cargo ships, and a tugboat overnight.",
        "link": "https://www.aljazeera.com/news/2026/7/14/russia-readies-to-reroute-exports-from-sea-of-azov-after-ukrainian-attacks?traffic_source=rss",
        "place": "russia",
        "severity": 2,
        "scraped_at": "2026-07-14T17:12:39.751977+00:00"
      }
    },
    {
      "type": "Feature",
      "geometry": {
        "type": "Point",
        "coordinates": [
          38.4313975,
          1.4419683
        ]
      },
      "properties": {
        "id_hash": "612ce077a4f512a1d770ccd26191ea2d8bd40e224447ca450fc42c301ce8202f",
        "title": "Killings continue on Del Monte farm in Kenya, families say, after G4S hired for security",
        "summary": "<p>Exclusive: Three men killed in incidents over past year allegedly involving G4S guards, who replaced in-house team after previous deaths</p><p>Bereaved families and politicians have raised alarm about continued killings on Del Monte’s pineapple farm in Kenya despite the company hiring a British security firm to replace its in-house security team after previous deaths were exposed by the Guardian.</p><p>The multinational food company appointed G4S to guard the farm, which is estimated to cover at least 40 sq km, the area of a small city, after the Guardian detailed <a href=\"https://www.theguardian.com/world/2023/jun/21/guards-at-del-monte-pineapple-farm-accused-of-killings-in-kenya\">allegations of brutal assaults and killings</a> of people suspected of trespassing on its land. Kenyan police have been working with G4S to guard the site.</p> <a href=\"https://www.theguardian.com/world/2026/jul/13/del-monte-pineapple-farm-kenya-deaths-g4s\">Continue reading...</a>",
        "link": "https://www.theguardian.com/world/2026/jul/13/del-monte-pineapple-farm-kenya-deaths-g4s",
        "place": "Kenya",
        "severity": 2,
        "scraped_at": "2026-07-14T17:12:41.501132+00:00"
      }
    },
    {
      "type": "Feature",
      "geometry": {
        "type": "Point",
        "coordinates": [
          -66.5897,
          6.4238
        ]
      },
      "properties": {
        "id_hash": "cea5e5507bba1cd0ed47e204b9c9a991a0d1be4276af192976a9116ee37a10b9",
        "title": "‘God is punishing the politicians’: anger at earthquake response grows in Venezuela",
        "summary": "<p>Threat of social unrest rises as public indignation at lack of disaster aid comes on top of fallout from US military intervention</p><p>• <a href=\"https://www.theguardian.com/news/ng-interactive/2026/jul/12/a-revolution-in-ruins-fury-amid-the-rubble-of-a-housing-project-in-quake-hit-venezuela\">A revolution in ruins: fury amid the rubble of a housing project in quake-hit Venezuela</a></p><p>Public anger at what many perceive as <a href=\"https://www.theguardian.com/news/ng-interactive/2026/jul/12/a-revolution-in-ruins-fury-amid-the-rubble-of-a-housing-project-in-quake-hit-venezuela\">the Venezuelan government’s botched response</a> to twin earthquakes that killed nearly 4,500 people is growing, with one grieving mother caught on camera berating the son of former president Nicolás Maduro.</p><p>Maduro’s politician son received a hostile reception while visiting a semi-destroyed social housing project named after his father’s late mentor Hugo Chávez.</p> <a href=\"https://www.theguardian.com/world/2026/jul/14/anger-earthquake-response-venezuela\">Continue reading...</a>",
        "link": "https://www.theguardian.com/world/2026/jul/14/anger-earthquake-response-venezuela",
        "place": "venezuela",
        "severity": 2,
        "scraped_at": "2026-07-14T17:12:41.501533+00:00"
      }
    },
    {
      "type": "Feature",
      "geometry": {
        "type": "Point",
        "coordinates": [
          -102.5528,
          23.6345
        ]
      },
      "properties": {
        "id_hash": "75495627b1d4ac0d313f4239d640e87b4611d348120e68d295ddb44c59e89dce",
        "title": "Mexico to demand criminal complaints over migrants killed by ICE in US",
        "summary": "<p>Claudia Sheinbaum says Mexicans ‘outraged’ over killing last week of Lorenzo Salgado Araujo by agents in Houston</p><p><a href=\"https://www.theguardian.com/world/claudia-sheinbaum\">Claudia Sheinbaum</a> announced on Monday that <a href=\"https://www.theguardian.com/world/mexico\">Mexico</a> would be demanding criminal complaints in the US for the deaths of more than a dozen Mexican migrants in immigration detention and those killed in anti-migrant operations.</p><p>The deaths include last week’s <a href=\"https://www.theguardian.com/us-news/2026/jul/07/ice-agents-shoot-motorist-texas-houston\">killing</a> of <a href=\"https://www.theguardian.com/us-news/2026/jul/12/lorenzo-salgado-araujo-texas-killed-ice-vigil\">Lorenzo Salgado Araujo</a> in Houston, whom Sheinbaum said was “practically murdered”.</p> <a href=\"https://www.theguardian.com/world/2026/jul/13/mexico-criminal-complaint-migrant-ice-deaths\">Continue reading...</a>",
        "link": "https://www.theguardian.com/world/2026/jul/13/mexico-criminal-complaint-migrant-ice-deaths",
        "place": "mexico",
        "severity": 2,
        "scraped_at": "2026-07-14T17:12:41.502023+00:00"
      }
    },
    {
      "type": "Feature",
      "geometry": {
        "type": "Point",
        "coordinates": [
          -0.6109051,
          51.2309097
        ]
      },
      "properties": {
        "id_hash": "f4a32666eb40e664a5ba4d01348663898f6d5d8a3460b43ac2cc1d51b1f00e63",
        "title": "Experts warn of ways screwworm could spread in the US and new difficulties in keeping it at bay",
        "summary": "<p>Scientists worry that current eradication efforts won’t be able to contain parasitic infestation pushing into US</p><p>When conservationists set up cameras in remote regions of Central American forests, they wanted to monitor illegal cattle movement, which can lead to <a href=\"https://www.theguardian.com/environment/deforestation\">deforestation</a>. But in recent months, they discovered another alarming development: wildlife rapidly infected with the new world screwworm.</p><p>It’s a warning sign of how the fly could spread in the US – and it signals new difficulties in pushing it back south, a process that will probably take years, experts say.</p> <a href=\"https://www.theguardian.com/us-news/2026/jul/12/new-world-screwworm-infestation-cattle-industry\">Continue reading...</a>",
        "link": "https://www.theguardian.com/us-news/2026/jul/12/new-world-screwworm-infestation-cattle-industry",
        "place": "Experts",
        "severity": 2,
        "scraped_at": "2026-07-14T17:12:42.532631+00:00"
      }
    },
    {
      "type": "Feature",
      "geometry": {
        "type": "Point",
        "coordinates": [
          -66.5897,
          6.4238
        ]
      },
      "properties": {
        "id_hash": "ddf4a4a1b0062ffc46039ea136df1cb16a42f0c5e33adcd45c6c5c756d49d803",
        "title": "A revolution in ruins: fury amid the rubble of a housing project in quake-hit Venezuela",
        "summary": "<p>Discontent with Trump-backed government mounts as Chávez heirs struggle to respond to disaster for which they seem ill-prepared</p><p>Even before two powerful earthquakes reduced the OPPE 25 government housing project to an anarchy of shattered concrete and broken lives, the foundations of Hugo Chávez’s populist “Bolivarian” revolution were shaking in what was once a hotbed of support.</p><p>Gabriel González remembers his elation when, in 2013, he received the keys to his freshly completed apartment in one of the 12-floor tower blocks <em>El Comandante</em> had ordered to be built in an affluent corner of the resort town of Caraballeda.</p> <a href=\"https://www.theguardian.com/news/ng-interactive/2026/jul/12/a-revolution-in-ruins-fury-amid-the-rubble-of-a-housing-project-in-quake-hit-venezuela\">Continue reading...</a>",
        "link": "https://www.theguardian.com/news/ng-interactive/2026/jul/12/a-revolution-in-ruins-fury-amid-the-rubble-of-a-housing-project-in-quake-hit-venezuela",
        "place": "venezuela",
        "severity": 0,
        "scraped_at": "2026-07-14T17:12:42.532820+00:00"
      }
    },
    {
      "type": "Feature",
      "geometry": {
        "type": "Point",
        "coordinates": [
          10.7764188,
          44.5158163
        ]
      },
      "properties": {
        "id_hash": "7e24292fa2579c138a28e491ce54fb9d916b6218cfd21661ee183ceeac0b9702",
        "title": "Toronto shooting: two dead and four injured at Salsa on St Clair street festival",
        "summary": "<p>Police say two people exchanged gunfire in shooting that mayor called an ‘irresponsible act of violence’ in festival attended by families</p><p>A shooting near a Toronto street festival killed two men and wounded four other people on Saturday evening, police said, adding that what initially prompted an active-shooter warning was an exchange of gunfire between two people targeting each other.</p><p>Toronto police deputy chief Frank Barredo said investigators recovered two firearms after the shooting, which was reported at 8.12pm near St. Clair Avenue West and Arlington Avenue, where the Salsa on St Clair festival was underway.</p> <a href=\"https://www.theguardian.com/world/2026/jul/12/toronto-shooting-two-dead-and-three-injured-as-police-search-for-active-shooter\">Continue reading...</a>",
        "link": "https://www.theguardian.com/world/2026/jul/12/toronto-shooting-two-dead-and-three-injured-as-police-search-for-active-shooter",
        "place": "Salsa",
        "severity": 4,
        "scraped_at": "2026-07-14T17:12:44.017367+00:00"
      }
    },
    {
      "type": "Feature",
      "geometry": {
        "type": "Point",
        "coordinates": [
          104.1954,
          35.8617
        ]
      },
      "properties": {
        "id_hash": "44bdcbebfe6e69ec39126c10252a6e3d3cfb27a96baa07b988f26570c80c3d03",
        "title": "China’s monthly car ‌exports top 1m for first time as overall trade soars",
        "summary": "<p>Country risks new tariffs from US and EU as it looks likely to match or beat last year’s record surplus of $1tn</p><ul><li><p><a href=\"https://www.theguardian.com/business/live/2026/jul/14/oil-prices-rise-2-middle-east-strikes-chinas-exports-surge-ai-boom-live-updates\">Business live – latest updates</a></p></li></ul><p>China’s monthly car ‌exports topped 1m for the first time in June as overall overseas shipments from the world’s second biggest economy rose 27%.</p><p>Official Chinese customs data showed that a stronger-than-expected trade performance kept China on track to match or beat last year’s <a href=\"https://www.theguardian.com/world/2026/jan/14/china-reports-record-trillion-dollar-trade-surplus-despite-trump-tariffs\">record trade surplus</a> of $1tn (£748bn), achieved despite Donald Trump’s <a href=\"https://www.theguardian.com/us-news/2026/jul/14/trump-tariffs-us-refunds\">curtailed</a> tariff war.</p> <a href=\"https://www.theguardian.com/business/2026/jul/14/china-car-exports-june-trade-us-eu-trump-tariffs\">Continue reading...</a>",
        "link": "https://www.theguardian.com/business/2026/jul/14/china-car-exports-june-trade-us-eu-trump-tariffs",
        "place": "china",
        "severity": 4,
        "scraped_at": "2026-07-14T17:12:44.017834+00:00"
      }
    },
    {
      "type": "Feature",
      "geometry": {
        "type": "Point",
        "coordinates": [
          105.3188,
          61.524
        ]
      },
      "properties": {
        "id_hash": "e285cc393fc1d6c4a8ee6f82e2bd7dfe1a513115db1761303718ece523e56ca0",
        "title": "Japan admits growing need to counter espionage after Russian ‘den of spies’ report",
        "summary": "<p>Issue must be addressed with ‘even greater rigour’, says government spokesman, after New York Times report on how it has become a spy hub for Vladimir Putin</p><p>Japan has said it recognised the need to counter foreign intelligence better after the New York Times reported that Russia had turned the country into a “den of spies” and key source of weapons components.</p><p>The newspaper, in an <a href=\"https://www.nytimes.com/2026/07/12/world/asia/russia-spies-japan-war-drones-electronics.html\">investigation</a> published on Sunday, reported that thanks to “weak espionage laws”, Moscow was using Japan as a key hub for intelligence gathering and procurement of dual-use technology needed for its war in Ukraine.</p> <a href=\"https://www.theguardian.com/world/2026/jul/14/japan-espionage-russia-den-of-spies\">Continue reading...</a>",
        "link": "https://www.theguardian.com/world/2026/jul/14/japan-espionage-russia-den-of-spies",
        "place": "russia",
        "severity": 2,
        "scraped_at": "2026-07-14T17:12:44.018120+00:00"
      }
    },
    {
      "type": "Feature",
      "geometry": {
        "type": "Point",
        "coordinates": [
          1.8883335,
          46.603354
        ]
      },
      "properties": {
        "id_hash": "464b4026752392349f2b93c6cbb519de84f7e523a29a1b4772fa75c698652ec3",
        "title": "Weather tracker: Unusually warm rivers affect French nuclear power plants",
        "summary": "<p>High temperatures and below average rainfall put pressure on waterways used to cool reactors</p><p>Above average temperatures combined with below average rainfall across much of western and central Europe during June and the first half of July have placed increasing pressure on rivers, ecosystems and energy infrastructure. Persistent high pressure brought prolonged sunshine, suppressed rainfall and enhanced evaporation, causing river levels to fall and water temperatures to increase.</p><p>These unusually warm rivers are affecting electricity generation in France, as several nuclear power stations rely on river water for cooling. Under French environmental regulations, operators must limit the amount of heat discharged back into rivers, meaning electricity output may need to be reduced when water temperatures become too high.</p> <a href=\"https://www.theguardian.com/environment/2026/jul/13/weather-tracker-unusually-warm-rivers-affect-french-nuclear-power-plants\">Continue reading...</a>",
        "link": "https://www.theguardian.com/environment/2026/jul/13/weather-tracker-unusually-warm-rivers-affect-french-nuclear-power-plants",
        "place": "France",
        "severity": 2,
        "scraped_at": "2026-07-14T17:12:44.883430+00:00"
      }
    },
    {
      "type": "Feature",
      "geometry": null,
      "properties": {
        "id_hash": "e5b824fb38236ededa0e56b5c32320c5f8d9719a71660d5fa09120a61b257b3b",
        "title": "Kash Patel gave his Australian counterpart a 3D replica gun as a gift. It was destroyed within months",
        "summary": "<p>Documents show the FBI director’s gift was ‘displayed proudly’ by the AFP before new commissioner ordered it be destroyed</p><ul><li><p>Get our <a href=\"https://www.theguardian.com/email-newsletters?CMP=cvau_sfl\">breaking news email</a>, <a href=\"https://app.adjust.com/w4u7jx3\">free app</a> or <a href=\"https://www.theguardian.com/australia-news/series/full-story?CMP=cvau_sfl\">daily news podcast</a></p></li></ul><p>When the FBI director, Kash Patel, visited the Australian federal police last year, he came bearing a gift: a 3D-printed imitation pistol that then was “displayed proudly” in the commissioner’s office.</p><p>Yet within months, shortly after Krissy Barrett became the AFP’s new commissioner last October, she ordered it to be destroyed.</p> <a href=\"https://www.theguardian.com/australia-news/2026/jul/14/kash-patel-gave-his-australian-counterpart-a-3d-replica-gun-as-a-gift-it-was-destroyed-within-months\">Continue reading...</a>",
        "link": "https://www.theguardian.com/australia-news/2026/jul/14/kash-patel-gave-his-australian-counterpart-a-3d-replica-gun-as-a-gift-it-was-destroyed-within-months",
        "place": "Kash Patel",
        "severity": 0,
        "scraped_at": "2026-07-14T17:12:46.245641+00:00"
      }
    },
    {
      "type": "Feature",
      "geometry": {
        "type": "Point",
        "coordinates": [
          51.3184667,
          25.1242014
        ]
      },
      "properties": {
        "id_hash": "8c1c89fc893db9dcc97e47ffb7ef62af4cd75af89166490ca5640df409749391",
        "title": "Coalition and One Nation’s plan to ditch net zero would not lower power prices, CSIRO report finds",
        "summary": "<p>GenCost report contradicts parties’ claims about abandoning emissions target, and finds nuclear would be most expensive way to generate power</p><ul><li><p><a href=\"http://theguardian.com/australia-news/live/2026/jul/14/australia-news-live-nt-police-peter-falconio-anthony-albanese-ai-artificial-intelligence-copyright-antisemitism-royal-commission-bondi-universities-ntwnfb\">Follow our Australia news live blog for latest updates</a></p></li><li><p>Get our <a href=\"https://www.theguardian.com/email-newsletters?CMP=cvau_sfl\">breaking news email</a>, <a href=\"https://app.adjust.com/w4u7jx3\">free app</a> or <a href=\"https://www.theguardian.com/australia-news/series/full-story?CMP=cvau_sfl\">daily news podcast</a></p></li></ul><p>Claims by the Coalition and One Nation that abandoning a net zero climate target would bring down power prices are contradicted in a new CSIRO report on the costs of generating electricity.</p><p>Generation costs will probably rise after 2030 regardless of Australia’s <a href=\"https://www.theguardian.com/news/ng-interactive/2025/nov/15/the-climate-crisis-is-expensive-net-zero-is-cheaper-for-australia-than-not-doing-more\">policy on net zero</a>, according to the CSIRO’s annual GenCost report, but prices should then stabilise at levels below recent price spikes.</p> <a href=\"https://www.theguardian.com/australia-news/2026/jul/15/coalition-and-one-nations-plan-to-ditch-net-zero-would-not-lower-power-prices-csiro-report-finds\">Continue reading...</a>",
        "link": "https://www.theguardian.com/australia-news/2026/jul/15/coalition-and-one-nations-plan-to-ditch-net-zero-would-not-lower-power-prices-csiro-report-finds",
        "place": "Coalition",
        "severity": 0,
        "scraped_at": "2026-07-14T17:12:47.088886+00:00"
      }
    },
    {
      "type": "Feature",
      "geometry": {
        "type": "Point",
        "coordinates": [
          1.8883335,
          46.603354
        ]
      },
      "properties": {
        "id_hash": "429385199f489099324cbb2ae331bca1d6f04c6aaeb630ec735516300119ad03",
        "title": "Bastille Day celebrations in France tempered by fear of more wildfires",
        "summary": "<p>Firework displays cancelled as Paris military parade asserts ‘France’s rearmament … and Europe’s strategic awakening’</p><p>Emmanuel Macron has presided over his final Bastille Day parade in Paris amid a searing heatwave and wildfires that forced authorities around the country to cancel traditional firework displays and balls celebrating France’s national day.</p><p>The French president was joined for the annual military procession and flypast by his Ukrainian counterpart, Volodymyr Zelenskyy, the British ‌prime minister, Keir Starmer, the German chancellor, Friedrich Merz, and two dozen other national leaders.</p> <a href=\"https://www.theguardian.com/world/2026/jul/14/bastille-day-celebrations-france-tempered-fear-wildfires\">Continue reading...</a>",
        "link": "https://www.theguardian.com/world/2026/jul/14/bastille-day-celebrations-france-tempered-fear-wildfires",
        "place": "France",
        "severity": 0,
        "scraped_at": "2026-07-14T17:12:47.926461+00:00"
      }
    },
    {
      "type": "Feature",
      "geometry": {
        "type": "Point",
        "coordinates": [
          -76.602191,
          39.6823264
        ]
      },
      "properties": {
        "id_hash": "9e95ad8aaa22af87b7d11c098d83be7a77abf042448bb18c3038f992b975c594",
        "title": "EU rejects Trump administration claims that ICC threatens US sovereignty",
        "summary": "<p>US government says it wants to ‘systematically disable’ The Hague-based international criminal court</p><p>A spokesperson for the EU has pushed back against the Trump administration’s assertion that the international criminal court poses a threat to US sovereignty, a day after the US government said it would work to “systematically disable” a global tribunal that seeks to prosecute the perpetrators of the world’s gravest crimes.</p><p>Anouar El Anouni, an EU spokesperson, said on Tuesday: “We stand firm in our support for the international criminal court (ICC). Attacks or threats against the court, elected officials, personnel or those cooperating with the court are simply not acceptable.”</p> <a href=\"https://www.theguardian.com/world/2026/jul/14/eu-rejects-trump-administration-claims-icc-threatens-us-sovereignty\">Continue reading...</a>",
        "link": "https://www.theguardian.com/world/2026/jul/14/eu-rejects-trump-administration-claims-icc-threatens-us-sovereignty",
        "place": "Trump",
        "severity": 2,
        "scraped_at": "2026-07-14T17:12:48.772686+00:00"
      }
    },
    {
      "type": "Feature",
      "geometry": {
        "type": "Point",
        "coordinates": [
          31.1656,
          48.3794
        ]
      },
      "properties": {
        "id_hash": "9ddaefa67f32be0707919b8642a7acbd7fdb75e35334966ba78dfaf8abe7ec72",
        "title": "Keir Starmer becomes first UK PM to receive France’s Légion d’honneur",
        "summary": "<p>Exclusive: Emmanuel Macron honours outgoing prime minister for leadership role in supporting Ukraine</p><p>Keir Starmer has become the first UK prime minister to be presented with the Légion d’honneur by a French president, in recognition of his work with France on the security of Europe.</p><p>Emmanuel Macron awarded the historic honour to Starmer for his leadership in setting up the coalition of the willing – a group of countries chaired by France and the UK that have pledged to support Ukraine – at a critical moment for Europe in early 2025.</p> <a href=\"https://www.theguardian.com/politics/2026/jul/14/keir-starmer-legion-dhonneur-france-macron\">Continue reading...</a>",
        "link": "https://www.theguardian.com/politics/2026/jul/14/keir-starmer-legion-dhonneur-france-macron",
        "place": "ukraine",
        "severity": 2,
        "scraped_at": "2026-07-14T17:12:48.772960+00:00"
      }
    },
    {
      "type": "Feature",
      "geometry": {
        "type": "Point",
        "coordinates": [
          105.3188,
          61.524
        ]
      },
      "properties": {
        "id_hash": "9e0d5b2eaad11d2f2d200fc41b5eac3965e74526393fdc17b79fdef905c189c5",
        "title": "Young Germans opting out of military service as Berlin strives to boost army",
        "summary": "<p>Almost 6,000 young men apply to be excluded on moral or religious grounds despite ‘conscription lite’ policy</p><p>The number of young men applying to be conscientious objectors and refuse armed military service in Germany has risen sharply this year, undermining a drive by Berlin to create Europe’s strongest conventional army and deter the Russian threat.</p><p>More people had applied to exclude themselves from service on religious or moral grounds in the first half of 2026 than in the whole of last year, according to figures provided by the government on Tuesday.</p> <a href=\"https://www.theguardian.com/world/2026/jul/14/young-germans-military-service-opt-out\">Continue reading...</a>",
        "link": "https://www.theguardian.com/world/2026/jul/14/young-germans-military-service-opt-out",
        "place": "russia",
        "severity": 0,
        "scraped_at": "2026-07-14T17:12:48.773124+00:00"
      }
    },
    {
      "type": "Feature",
      "geometry": {
        "type": "Point",
        "coordinates": [
          1.8883335,
          46.603354
        ]
      },
      "properties": {
        "id_hash": "49202de797cc8b3f763c4dabb59ed16cd2886a5656e424f40a228e29d3a0f8ac",
        "title": "France deploys 70,000 security personnel across country for Bastille Day, World Cup semifinal events – as it happened",
        "summary": "<p>‘No unruly behaviour will be tolerated’ after the match, according to France’s interior minister</p><p><strong>Here is the first big moment of the day as the Garde républicaine plays the French national anthem, “La Marseillaise”.</strong></p><p><strong>Macron</strong> is not singing, but <strong>Lecornu </strong>behind him – very much is.</p> <a href=\"https://www.theguardian.com/world/live/2026/jul/14/france-bastille-day-emmanuel-macron-volodymyr-zelenskyy-germany-brussels-eu-albania-moldova-montenegro-latest-news-updates\">Continue reading...</a>",
        "link": "https://www.theguardian.com/world/live/2026/jul/14/france-bastille-day-emmanuel-macron-volodymyr-zelenskyy-germany-brussels-eu-albania-moldova-montenegro-latest-news-updates",
        "place": "France",
        "severity": 0,
        "scraped_at": "2026-07-14T17:12:49.588663+00:00"
      }
    },
    {
      "type": "Feature",
      "geometry": {
        "type": "Point",
        "coordinates": [
          53.688,
          32.4279
        ]
      },
      "properties": {
        "id_hash": "894608edc5baadf621be0dca1d2d57d31c48bf24ce9d2e5fa6fbaaa1ddc3e220",
        "title": "Trump drops threat of strait of Hormuz tolls, saying Gulf states agreed ‘massive’ US investment instead – Middle East crisis live",
        "summary": "<p>US president claims shipping route is open for all except Iranian ships after another night of strikes on Iran</p><ul><li><p><a href=\"https://www.theguardian.com/world/2026/jul/13/us-launches-third-night-of-strikes-on-iran-as-trump-announces-hormuz-blockade\">US launches third night of strikes on Iran as Trump announces Hormuz blockade</a></p></li></ul><p><strong>Resurgent oil and fuel prices could cement a fourth interest rate rise in Australia this year if Donald Trump’s renewed conflict with Iran is not resolved within a week</strong>, economists warn.</p><p>US missile strikes on Iran and Trump’s announcement of a new maritime blockade has lifted oil prices to their highest point in the month since the two countries <a href=\"https://www.theguardian.com/world/2026/jun/15/us-iran-peace-deal-terms-details-conditions-explained-what-do-we-know-hormuz-lebanon-israel-nuclear\">agreed to a peace deal</a>.</p> <a href=\"https://www.theguardian.com/world/live/2026/jul/14/us-iran-war-live-updates-strikes-strait-of-hormuz-middle-east-crisis-trump-latest-news\">Continue reading...</a>",
        "link": "https://www.theguardian.com/world/live/2026/jul/14/us-iran-war-live-updates-strikes-strait-of-hormuz-middle-east-crisis-trump-latest-news",
        "place": "iran",
        "severity": 4,
        "scraped_at": "2026-07-14T17:12:49.589147+00:00"
      }
    },
    {
      "type": "Feature",
      "geometry": {
        "type": "Point",
        "coordinates": [
          53.688,
          32.4279
        ]
      },
      "properties": {
        "id_hash": "f656f769a5d6822e7b353173da0325de323fbdf87d296e9d003c8bce574998e5",
        "title": "Trump withdraws Hormuz tolls threat but says US will continue to blockade Iran",
        "summary": "<p>US hits targets in port cities of Bushehr and Bandar Abbas while Iran targets Bahrain and Jordan in retaliation </p><ul><li><p><a href=\"https://www.theguardian.com/world/live/2026/jul/14/us-iran-war-live-updates-strikes-strait-of-hormuz-middle-east-crisis-trump-latest-news\">Middle East crisis live – latest updates</a></p></li></ul><p>Donald Trump has backed down from a threat that ships would have to pay a 20% fee to the US for “security” in the strait of Hormuz, replacing it with what he described as investment and trade deals with Gulf Arab states as US and Iranian airstrikes resumed for a third day.</p><p>The US president said he had decided to scrap the toll “based on highly productive conversations with Middle East leadership”, and touted “massive” investments, just five hours before the toll was due to come into effect. He said the US would continue to blockade Iranian ports.</p> <a href=\"https://www.theguardian.com/world/2026/jul/14/us-strikes-iran-bahrain-jordan-uae-tankers\">Continue reading...</a>",
        "link": "https://www.theguardian.com/world/2026/jul/14/us-strikes-iran-bahrain-jordan-uae-tankers",
        "place": "iran",
        "severity": 4,
        "scraped_at": "2026-07-14T17:12:49.589522+00:00"
      }
    },
    {
      "type": "Feature",
      "geometry": {
        "type": "Point",
        "coordinates": [
          53.688,
          32.4279
        ]
      },
      "properties": {
        "id_hash": "211153aa08f6f457959844e2e8f0702e1af357d8f0d50230328ce1f09848676c",
        "title": "Iranian flights to Yemen are violation of sovereignty, says Yemeni official",
        "summary": "<p>Plane bringing Houthi delegation home from Tehran had to divert after Yemeni government bombed Sana’a airport</p><ul><li><p><a href=\"https://www.theguardian.com/world/live/2026/jul/14/us-iran-war-live-updates-strikes-strait-of-hormuz-middle-east-crisis-trump-latest-news\">Middle East crisis live – latest updates</a></p></li></ul><p>Iranian flights to and from Yemen are an unacceptable violation of the country’s sovereignty, the vice-president in Yemen’s Saudi-backed, UN-recognised government has said.</p><p>Abdullah al-Alimi said in an interview that the planes contained equipment for the Houthi movement, which he said had transformed from merely a domestic threat into a regional and international threat to global security and the global economy.</p> <a href=\"https://www.theguardian.com/world/2026/jul/14/iran-flight-sanaa-yemen-houthis-saudi\">Continue reading...</a>",
        "link": "https://www.theguardian.com/world/2026/jul/14/iran-flight-sanaa-yemen-houthis-saudi",
        "place": "iran",
        "severity": 4,
        "scraped_at": "2026-07-14T17:12:49.589843+00:00"
      }
    },
    {
      "type": "Feature",
      "geometry": {
        "type": "Point",
        "coordinates": [
          53.688,
          32.4279
        ]
      },
      "properties": {
        "id_hash": "3f0dcb76eeff633b34f6cffbd9a2d41dfc659248d6eb5fd7e70427c1013e627d",
        "title": "Trump says US reinstating blockade on Iranian ports – as it happened",
        "summary": "<p>This blog is closed – our live coverage <a href=\"https://www.theguardian.com/world/live/2026/jul/14/us-iran-war-live-updates-strikes-strait-of-hormuz-middle-east-crisis-trump-latest-news\">continues here</a></p><p>Bahrain’s military has accused Iran of targeting civilians with its latest attacks on the country, after <a href=\"https://www.theguardian.com/world/live/2026/jul/13/us-iran-strikes-middle-east-strait-of-hormuz-military-latest-news-updates?page=with%3Ablock-6a5465048f08019173c613df#block-6a5465048f08019173c613df\">Tehran said it had struck</a> US military facilities and infrastructure there earlier.</p><p>“Iran continues its systematic hostile approach through its heinous attacks with missiles and drones that target civilians in the Kingdom of Bahrain,” the general command of Bahrain’s military said, adding that air defences “intercepted and destroyed a number of Iranian aerial attacks” this morning.</p> <a href=\"https://www.theguardian.com/world/live/2026/jul/13/us-iran-strikes-middle-east-strait-of-hormuz-military-latest-news-updates\">Continue reading...</a>",
        "link": "https://www.theguardian.com/world/live/2026/jul/13/us-iran-strikes-middle-east-strait-of-hormuz-military-latest-news-updates",
        "place": "iran",
        "severity": 6,
        "scraped_at": "2026-07-14T17:12:49.590239+00:00"
      }
    },
    {
      "type": "Feature",
      "geometry": {
        "type": "Point",
        "coordinates": [
          53.688,
          32.4279
        ]
      },
      "properties": {
        "id_hash": "8e54f35aa913a48b8748ea0d3dd33346190890065256022ee273ff100a040a63",
        "title": "US launches third night of strikes on Iran as Trump announces Hormuz blockade",
        "summary": "<p>American president says ships will be charged for safe passage through strait in apparent policy reversal</p><ul><li><p><a href=\"https://www.theguardian.com/world/live/2026/jul/14/us-iran-war-live-updates-strikes-strait-of-hormuz-middle-east-crisis-trump-latest-news\">Middle East crisis live – latest updates</a></p></li></ul><p>The US has launched its third consecutive night of strikes on Iran hours after Donald Trump said Washington would reinstate a maritime blockade on the country and, in an apparent policy reversal, charge ships for safe passage.</p><p>“These strikes will continue imposing a heavy cost on Iranian forces and degrade their ability to attack innocent civilians and commercial shipping in the strait of Hormuz,” the US military’s Central Command said.</p> <a href=\"https://www.theguardian.com/world/2026/jul/13/us-launches-third-night-of-strikes-on-iran-as-trump-announces-hormuz-blockade\">Continue reading...</a>",
        "link": "https://www.theguardian.com/world/2026/jul/13/us-launches-third-night-of-strikes-on-iran-as-trump-announces-hormuz-blockade",
        "place": "iran",
        "severity": 6,
        "scraped_at": "2026-07-14T17:12:49.590589+00:00"
      }
    },
    {
      "type": "Feature",
      "geometry": {
        "type": "Point",
        "coordinates": [
          87.6855882,
          22.9964948
        ]
      },
      "properties": {
        "id_hash": "86681ccc28045e615a8b6cd48f31141363b32243c6bf505f79f1c94812308ee3",
        "title": "Protests engulf Indian state after rape and murder of 11-year-old girl",
        "summary": "<p>Innocent man lynched by mob in West Bengal as police killing of suspect further escalates tensions</p><p>Protests have engulfed the Indian state of West Bengal after the rape and murder of an 11-year-old girl, the subsequent lynching of an innocent man and the police killing of one of the accused.</p><p>Outrage erupted on Sunday after the body of a missing girl was recovered from a pond in a town just outside the state capital, Kolkata.</p> <a href=\"https://www.theguardian.com/world/2026/jul/10/protests-west-bengal-state-india-girl-murder-rape\">Continue reading...</a>",
        "link": "https://www.theguardian.com/world/2026/jul/10/protests-west-bengal-state-india-girl-murder-rape",
        "place": "West Bengal",
        "severity": 0,
        "scraped_at": "2026-07-14T17:12:50.634850+00:00"
      }
    },
    {
      "type": "Feature",
      "geometry": {
        "type": "Point",
        "coordinates": [
          -98.5795,
          39.8283
        ]
      },
      "properties": {
        "id_hash": "d3cbadc15fdd75d3d24cbce46ac6bbe23a665898ac07218adfe918d44759fd59",
        "title": "A rock star welcome and human rights protests to greet India’s prime minister Narendra Modi in Australia",
        "summary": "<p>Amnesty International says Albanese has opportunity to ‘reaffirm mutual commitment’ to rule of law as thousands in diaspora expected at stadium event</p><ul><li><p><a href=\"https://www.theguardian.com/australia-news/live/2026/jul/08/anthony-albanese-pacific-diplomacy-state-of-origin-labor-coalition-recession-unemployment-ntwnfb\">Follow our Australia news live blog for latest updates</a></p></li><li><p>Get our <a href=\"https://www.theguardian.com/email-newsletters?CMP=cvau_sfl\">breaking news email</a>, <a href=\"https://app.adjust.com/w4u7jx3\">free app</a> or <a href=\"https://www.theguardian.com/australia-news/series/full-story?CMP=cvau_sfl\">daily news podcast</a></p></li></ul><p>The Indian prime minister Narendra Modi’s first visit to Australia in three years has sparked calls for the federal government to raise human rights concerns, as excitement builds within the nation’s Indian diaspora.</p><p>Modi’s visit begins on Wednesday evening and marks his third since becoming prime minister. It will see him return to Melbourne after more than a decade, with a stadium event expected to attract more than 20,000 people.</p> <a href=\"https://www.theguardian.com/australia-news/2026/jul/07/india-prime-minister-modi-australia-melbourne-visit-reaction-indian-diaspora-ntwnfb\">Continue reading...</a>",
        "link": "https://www.theguardian.com/australia-news/2026/jul/07/india-prime-minister-modi-australia-melbourne-visit-reaction-indian-diaspora-ntwnfb",
        "place": "usa",
        "severity": 0,
        "scraped_at": "2026-07-14T17:12:50.635319+00:00"
      }
    },
    {
      "type": "Feature",
      "geometry": {
        "type": "Point",
        "coordinates": [
          -98.5795,
          39.8283
        ]
      },
      "properties": {
        "id_hash": "538e346aca29dea896ac23164c182aab398db409b08fec353edf4c011c58075a",
        "title": "Dowry murders in India no longer spark public anger or debate, study finds",
        "summary": "<p>Thousands of women are killed in dowry disputes each year, despite the practice being banned in 1961</p><p>Dowry deaths in India no longer provoke the public anger they once did, despite thousands of women’s lives still being lost every year, according to new research.</p><p><a href=\"https://www.theguardian.com/global-development/2018/jul/18/death-by-dowry-claim-by-bereaved-family-in-india\">The killings</a> – women who are murdered or driven to suicide following dowry disputes between families – have also faded from political debate, despite an increase in cases.</p> <a href=\"https://www.theguardian.com/global-development/2026/jul/07/dowry-murders-in-india-no-longer-spark-public-anger-or-debate-study-finds\">Continue reading...</a>",
        "link": "https://www.theguardian.com/global-development/2026/jul/07/dowry-murders-in-india-no-longer-spark-public-anger-or-debate-study-finds",
        "place": "usa",
        "severity": 2,
        "scraped_at": "2026-07-14T17:12:50.635504+00:00"
      }
    },
    {
      "type": "Feature",
      "geometry": {
        "type": "Point",
        "coordinates": [
          53.688,
          32.4279
        ]
      },
      "properties": {
        "id_hash": "a974b9b13bc427a631726d61698472aa8b3f4fbbae3103643f0863ab4d0cc21b",
        "title": "Ann Widdecombe was killed in ‘targeted attack’, police say – UK politics live",
        "summary": "<p>Counter-terrorism police say that they are still working to establish the motive for the killing of the former government minister</p><p>In response to a question from Alec Shelbrooke (Con), <strong>Campbell</strong> said he was “totally unaware” not just of the wording of the Tory opposition day motion planned for tomorrow (see <a href=\"https://www.theguardian.com/politics/live/2026/jul/14/ann-widdecombe-nigel-farage-reform-uk-security-protection-burnham-latest-news-updates?page=with%3Ablock-6a5622aa8f08300d616e438c#block-6a5622aa8f08300d616e438c\">1.04pm</a>), but of the topic that it was going to cover. In a bid to convince MPs that this was not a lie, he said that he was standing at the despatch box and that MPs knew the importance of a minister “telling the absolute truth when they stand here”.</p><p>In the Commons, <strong>Alan Campbell</strong>, the leader of the house, has just announced there will be a change in parliamentary business tomorrow. Wednesday was set aside for an opposition day debate – a debate on a motion tabled by the Tories. Instead, there will be a general debate on the situation in Iran. There will also be a vote on <a href=\"https://www.theguardian.com/politics/2026/jul/13/uk-list-iran-islamic-revolutionary-guard-corps-irgc-terrorist-organisation\">the regulations banning support for Iran’s Islamic Revolutionary Guard Corps.</a></p><p>The government has a majority of more than 150 and it could not trust its MPs to vote the right way on that motion [delaying the recess], and it could not bear the idea of a new prime minister facing any scrutiny before September.</p><p>A prime minister, let me remind us all, who has been chosen by a coronation not a contest, with no known platform, almost no known policies, and no idea of his priorities or indeed his cabinet team.</p> <a href=\"https://www.theguardian.com/politics/live/2026/jul/14/ann-widdecombe-nigel-farage-reform-uk-security-protection-burnham-latest-news-updates\">Continue reading...</a>",
        "link": "https://www.theguardian.com/politics/live/2026/jul/14/ann-widdecombe-nigel-farage-reform-uk-security-protection-burnham-latest-news-updates",
        "place": "iran",
        "severity": 8,
        "scraped_at": "2026-07-14T17:12:50.636132+00:00"
      }
    },
    {
      "type": "Feature",
      "geometry": null,
      "properties": {
        "id_hash": "6faf91b0b2e0ce5b22fadaecce3665f9934b236bb3a1d8aef925bfee5d1413b3",
        "title": "Ann Widdecombe killing: police investigating possible leftwing motivation",
        "summary": "<p>Detectives examining whether hatred of Widdecombe’s strong views or of Reform party were factors in killing described as a ‘targeted attack’</p><p>The police investigation into the death of Ann Widdecombe is examining whether a leftwing or single-issue cause may lie behind her killing, the Guardian has learned.</p><p>Among issues detectives are investigating are whether a hatred of Widdecombe’s strong views, such as on homosexuality, was a factor. They are also examining whether extreme hostility to the Reform UK party played a role.</p> <a href=\"https://www.theguardian.com/uk-news/2026/jul/14/ann-widdecombe-killing-police-investigating-possible-leftwing-motivation\">Continue reading...</a>",
        "link": "https://www.theguardian.com/uk-news/2026/jul/14/ann-widdecombe-killing-police-investigating-possible-leftwing-motivation",
        "place": "Ann Widdecombe",
        "severity": 2,
        "scraped_at": "2026-07-14T17:12:51.989114+00:00"
      }
    },
    {
      "type": "Feature",
      "geometry": {
        "type": "Point",
        "coordinates": [
          -98.5795,
          39.8283
        ]
      },
      "properties": {
        "id_hash": "1fccd1940860a5d41738724161c2b5c4287e63e84b72585bdbad1d963b0d9ba6",
        "title": "Humanities among degrees being ‘extinguished’ by hard-up universities",
        "summary": "<p>Exclusive: Experts fear rise in education ‘cold spots’ and social immobility as 4,000 academic posts lost in one year</p><p>Thousands of university job cuts in humanities and social sciences are creating widespread cold spots for languages, classics and theology degrees, the British Academy has warned.</p><p>Universities’ finances are so precarious that redundancies are also occurring in business studies, law and English – subjects considered strategically important and traditionally popular courses.</p> <a href=\"https://www.theguardian.com/education/2026/jul/14/university-job-cuts-humanities-social-sciences\">Continue reading...</a>",
        "link": "https://www.theguardian.com/education/2026/jul/14/university-job-cuts-humanities-social-sciences",
        "place": "usa",
        "severity": 2,
        "scraped_at": "2026-07-14T17:12:51.989327+00:00"
      }
    },
    {
      "type": "Feature",
      "geometry": {
        "type": "Point",
        "coordinates": [
          53.688,
          32.4279
        ]
      },
      "properties": {
        "id_hash": "abaa4c51f97d016d8f2167f9c872a675c49b3d2c99175ed6bae64c910a57f85f",
        "title": "Inflation cools to 3.5% in June in relief brought by brief US-Iran peace deal",
        "summary": "<p>Recent strikes have sent oil prices climbing again, with average gas price per gallon up by 70 cents on last year</p><p>Inflation cooled to an annual rate of 3.5% in June as the brief US-Iran ceasefire, which has since ended, brought energy prices down, according to new data from the Bureau of Labor Statistics.</p><p>The consumer price index (CPI), which measures a basket of goods and services, has been elevated since the start of the war, largely because of higher energy prices. After mostly staying under 3% since mid-2024, CPI reached a three-year high of 4.2% in May – up from 2.4% in February. Month-over-month, CPI fell 0.8% in June, the largest one-month decrease since April 2020.</p> <a href=\"https://www.theguardian.com/business/2026/jul/14/june-cpi-report-inflation-cools-iran-deal\">Continue reading...</a>",
        "link": "https://www.theguardian.com/business/2026/jul/14/june-cpi-report-inflation-cools-iran-deal",
        "place": "iran",
        "severity": 4,
        "scraped_at": "2026-07-14T17:12:51.989750+00:00"
      }
    },
    {
      "type": "Feature",
      "geometry": {
        "type": "Point",
        "coordinates": [
          -74.2973,
          4.5709
        ]
      },
      "properties": {
        "id_hash": "a85adf473e2547819665c0e0dcdeda02aedf75edc3f81ea2b952f953054a07a4",
        "title": "ICE identifies man agents fatally shot in Maine as Joan Sebastian Guerrero",
        "summary": "<p>Witnesses and officials have offered differing accounts of the shooting as questions remain</p><p>The man <a href=\"https://www.theguardian.com/us-news/2026/jul/13/maine-ice-shooting-death\">killed by Immigration and Customs Enforcement (ICE) agents</a> in Maine on Monday has been identified as Joan Sebastian Guerrero, <a href=\"https://www.pressherald.com/2026/07/13/neighbor-ids-man-shot-by-an-immigration-agent-in-biddeford/\">according</a> to local news <a href=\"https://www.wmtw.com/article/joan-sebastian-guerrero-killed-by-ice-biddeford-maine/71928327\">outlets</a>.</p><p>An immigration agent shot and killed the 26-year-old Colombian man on Monday morning in Biddeford, Maine, after reportedly ramming into his car.</p> <a href=\"https://www.theguardian.com/us-news/2026/jul/14/ice-shooting-maine-joan-sebastian-guerrero\">Continue reading...</a>",
        "link": "https://www.theguardian.com/us-news/2026/jul/14/ice-shooting-maine-joan-sebastian-guerrero",
        "place": "colombia",
        "severity": 2,
        "scraped_at": "2026-07-14T17:12:51.989869+00:00"
      }
    },
    {
      "type": "Feature",
      "geometry": {
        "type": "Point",
        "coordinates": [
          -54.0504741,
          47.5270692
        ]
      },
      "properties": {
        "id_hash": "429ffba4f7d905e718289e999e80d09434d6cbbb50e60c3081fbcba3fc9c479f",
        "title": "Buffett omits gift to Bill Gates' foundation after Microsoft cofounder's Epstein ties disclosed",
        "summary": "<p>Gates has denied any ties to Epstein’s crimes and has not been accused of any wrongdoing</p><p>Billionaire <a href=\"https://www.theguardian.com/business/warrenbuffett\">Warren Buffett</a> omitted <a href=\"https://www.theguardian.com/us-news/bill-gates\">Bill Gates</a>′ foundation from his annual donations this year after disclosures of the <a href=\"https://www.theguardian.com/technology/microsoft\">Microsoft</a> co-founder’s ties to convicted sex offender <a href=\"https://www.theguardian.com/us-news/jeffrey-epstein\">Jeffrey Epstein</a>. Buffett will donate about $6bn to four foundations connected to his own family, but did not mention Gates in his announcement Tuesday.</p><p>Buffett also said in his statement that he wants all of his remaining Berkshire Hathaway stock worth more than $140bn donated to charity by the end of 2034. Previously the plan was for his three children to distribute his remaining fortune within 10 years of the 95-year-old investor’s death.</p> <a href=\"https://www.theguardian.com/business/2026/jul/14/bill-gates-warren-buffet-donation\">Continue reading...</a>",
        "link": "https://www.theguardian.com/business/2026/jul/14/bill-gates-warren-buffet-donation",
        "place": "Buffett",
        "severity": 2,
        "scraped_at": "2026-07-14T17:12:52.883731+00:00"
      }
    },
    {
      "type": "Feature",
      "geometry": {
        "type": "Point",
        "coordinates": [
          -108.276076,
          45.9645464
        ]
      },
      "properties": {
        "id_hash": "97888d9f732745498bb4c9e4abf3b34183145dc964fc7fac8b0b74bb93a3e77f",
        "title": "Yellowstone tourist tossed 8ft in air by bison says attack could have been worse",
        "summary": "<p>Carl McDaniel, 65, says run-in ‘was not as catastrophic as it could’ve been’ in first remarks since attack that injured him</p><p>A grandfather <a href=\"https://www.theguardian.com/us-news/2026/jul/12/yellowstone-bull-bison-throws-tourist-in-air\">flipped 8ft in the air</a> by a bull bison at Yellowstone national park recently has spoken out for the first time about the encounter that broke his femur in four places, saying he believes the animal spared his life by choosing not to gore him.</p><p>The entire incident, he said, “was not as catastrophic as it could have been”.</p> <a href=\"https://www.theguardian.com/us-news/2026/jul/14/yellowstone-bison-attack-grandfather\">Continue reading...</a>",
        "link": "https://www.theguardian.com/us-news/2026/jul/14/yellowstone-bison-attack-grandfather",
        "place": "Yellowstone",
        "severity": 2,
        "scraped_at": "2026-07-14T17:12:53.685982+00:00"
      }
    },
    {
      "type": "Feature",
      "geometry": {
        "type": "Point",
        "coordinates": [
          -88.4269462,
          44.9675818
        ]
      },
      "properties": {
        "id_hash": "c938311d265a84f8da661ac25f1c4fd58e90e0ff8d26cbe6495935d20a757e7a",
        "title": "How jihadist groups like Boko Haram use AI for acts of terror",
        "summary": "A report published by Cambridge University features in-depth interviews with dozens of former members of Nigeria’s Boko Haram explaining how the jihadist group has used artificial intelligence to improve its ability to carry out terror attacks since 2023. Experts say they are unlikely to be the only ones.",
        "link": "https://www.france24.com/en/africa/20260714-how-jihadist-groups-like-boko-haram-use-ai-for-acts-of-terror",
        "place": "How",
        "severity": 2,
        "scraped_at": "2026-07-14T17:12:54.940234+00:00"
      }
    },
    {
      "type": "Feature",
      "geometry": {
        "type": "Point",
        "coordinates": [
          2.3899883,
          48.8521488
        ]
      },
      "properties": {
        "id_hash": "71bcd34ca070f080d3577de892ab2c0bda0cb5af3a8731cfe075b1c280d533f3",
        "title": "Pogacar wins Tour de France 10th stage in Bastille Day showdown",
        "summary": "​Slovenian four-time champion ​Tadej Pogacar made a solo attack Tuesday to ​claim ‌victory on ⁠stage 10 of the ‌Tour de France in a ⁠Bastille Day showdown, extending his overall lead ahead ​of Jonas Vingegaard ‌to three minutes and 36 seconds.",
        "link": "https://www.france24.com/en/sport/20260714-pogacar-wins-tour-de-france-10th-stage-in-bastille-day-showdown",
        "place": "Bastille Day",
        "severity": 2,
        "scraped_at": "2026-07-14T17:12:56.387378+00:00"
      }
    },
    {
      "type": "Feature",
      "geometry": {
        "type": "Point",
        "coordinates": [
          7.2683912,
          43.7009358
        ]
      },
      "properties": {
        "id_hash": "df3956e82d046e03fb76727e1d1ecbde151ae2e878785b08fd3f7111ca04b99e",
        "title": "Live: France marks tenth anniversary of deadly Nice terror attack",
        "summary": "President Emmanuel Macron held a national tribute in Nice on Tuesday for the victims of a deadly jihadist attack 10 years ago in the southern French city. Later Tuesday, the French football team will observe a minute of silence ahead of their World Cup semi-final in a commemoration to the 86 victims of the attack. Follow FRANCE 24's live coverage of the event.",
        "link": "https://www.france24.com/en/france/20260714-france-marks-tenth-anniversary-of-deadly-nice-terror-attack",
        "place": "Nice",
        "severity": 2,
        "scraped_at": "2026-07-14T17:12:57.498096+00:00"
      }
    },
    {
      "type": "Feature",
      "geometry": {
        "type": "Point",
        "coordinates": [
          1.8883335,
          46.603354
        ]
      },
      "properties": {
        "id_hash": "9dbec6d35c52456c3e01d012a2f927d70ef41c1c26f7cfd4ad081d0c0bd80f28",
        "title": "France marks 10 years since Nice terror attack",
        "summary": "This Tuesday marks a decade since the Nice terror attack. A 31-year-old man ploughed a truck into crowds leaving a Bastile Day fireworks display in the southern French city. 86 people were killed and more than 400 wounded. The attacker was shot dead by police and the Islamic State group later claimed responsibility for the carnage. More information with FRANCE 24 journalist Mark Owen.",
        "link": "https://www.france24.com/en/france-marks-10-years-since-nice-terror-attack",
        "place": "France",
        "severity": 4,
        "scraped_at": "2026-07-14T17:12:58.285359+00:00"
      }
    },
    {
      "type": "Feature",
      "geometry": {
        "type": "Point",
        "coordinates": [
          -98.5795,
          39.8283
        ]
      },
      "properties": {
        "id_hash": "51425f7ac5a43fcc3ecf2e41b316cab2ec84b94f4cea399502703ba1dbcb3545",
        "title": "France: Wildfires tear though historic forest of Fontainebleau near Paris",
        "summary": "Two people have been arrested in France, on suspicion of deliberately having started a wildfire near Paris. In the famous Fontainebleau forest, hundreds of firefighters are working to contain the flames. Two thousand hectares of land have already burnt down – forcing  the evacuation of around one thousand people. Details by senior reporter Catherine Norris Trent.",
        "link": "https://www.france24.com/en/france-wildfires-tear-though-historic-forest-of-fontainebleau-near-paris",
        "place": "usa",
        "severity": 0,
        "scraped_at": "2026-07-14T17:12:58.285562+00:00"
      }
    },
    {
      "type": "Feature",
      "geometry": {
        "type": "Point",
        "coordinates": [
          -4.8379791,
          39.3260685
        ]
      },
      "properties": {
        "id_hash": "fd23be315d5662e82dbb4ee7124581f72277dca62e61779b56e9d8381aee771f",
        "title": "Spain's Lamine Yamal warns France: 'we have no fear' ahead of World Cup semifinal",
        "summary": "The 2026 Football World Cup is in its final stretch. Tomorrow, England will take on Argentina for a place in the finals. And this evening, France will play Spain in their semifinals match. French coach Didier Deschamps predicted a “spectacular” match, while Spanish star Lamine Yamal shared a warning to Les Bleus. Our sports reporter Selina Sykes is covering the tournament.",
        "link": "https://www.france24.com/en/spain-s-lamine-yamal-warns-france-we-have-no-fear-ahead-of-world-cup-semifinal",
        "place": "Spain",
        "severity": 2,
        "scraped_at": "2026-07-14T17:12:59.655968+00:00"
      }
    },
    {
      "type": "Feature",
      "geometry": {
        "type": "Point",
        "coordinates": [
          -10.66262,
          6.47814
        ]
      },
      "properties": {
        "id_hash": "022363b49f147467bf9e15103ddd7cfc9f61f7aa0d94c17e41b713bc0329c820",
        "title": "Australia's youth ban on social media has minimal results",
        "summary": "Since coming into effect in December, an Australian law has barred kids under 16 from having accounts on platforms like Snapchat, Instagram and YouTube. Yet, studies show that most children are still able to access and create accounts on the networks. The government has doubled the maximum fine for non-compliance by tech firms, and is warning of further court action. Story by Bryan Quinn.",
        "link": "https://www.france24.com/en/video/20260714-australia-s-youth-ban-on-social-media-has-minimal-results-1",
        "place": "December",
        "severity": 2,
        "scraped_at": "2026-07-14T17:13:00.733885+00:00"
      }
    },
    {
      "type": "Feature",
      "geometry": {
        "type": "Point",
        "coordinates": [
          -118.171005,
          33.898917
        ]
      },
      "properties": {
        "id_hash": "a38f2c8d3b132122403e4d4d7cc44ee404b6cbe20ad232efcaa12d3ee97e9492",
        "title": "Paramount's Warner takeover challenged by 12 US states",
        "summary": "California is leading the legal charge against one of the world's biggest media mergers ever. Twelve US states have filed a lawsuit seeking to block Paramount Skydance from acquiring Warner Brothers Discovery – saying the deal would create a company with too much market power and end up harming consumers and workers. The legal challenge is being seen in part as a political proxy battle – with Democratic state officials seeking to rein in what many see as unchecked crony capitalism and corruption based on business leaders' proximity to President Donald Trump. Details by Bryan Quinn.",
        "link": "https://www.france24.com/en/paramount-s-warner-takeover-challenged-by-12-us-states",
        "place": "Paramount",
        "severity": 2,
        "scraped_at": "2026-07-14T17:13:01.767172+00:00"
      }
    },
    {
      "type": "Feature",
      "geometry": {
        "type": "Point",
        "coordinates": [
          -74.2973,
          4.5709
        ]
      },
      "properties": {
        "id_hash": "889ade6e76bd60e98a57c41183cd8284bbb5ed1aba56e65de2a8c974be442c88",
        "title": "26-year-old shot and killed by ICE agent in Maine sparks demonstrations",
        "summary": "US ICE agents shot and killed a 26-year-old Colombian man in Maine early Monday morning. Department of Homeland Security secretary Markwayne Mullin first said that the man was a target of an ICE investigation and that he had attempted to \"weaponise\" his vehicle. Later the story changed – it was confirmed that the man was not the target of the investigation, and DHS described his car as \"attempting to flee the scene\". Simon Moritz sheds light on the situation that has sparked anti-ICE demonstrations in the area.",
        "link": "https://www.france24.com/en/26-year-old-shot-and-killed-by-ice-agent-in-maine-sparks-demonstrations",
        "place": "colombia",
        "severity": 2,
        "scraped_at": "2026-07-14T17:13:01.767346+00:00"
      }
    },
    {
      "type": "Feature",
      "geometry": {
        "type": "Point",
        "coordinates": [
          31.1656,
          48.3794
        ]
      },
      "properties": {
        "id_hash": "f24b423e12d9054790515261e463e5936b4e9ccd7d995c682304c30c9aad9c42",
        "title": "France holds largest military parade ever in large show of unity for Ukraine",
        "summary": "Every year, France holds a military parade to celebrate its national holiday and the anniversary of the storming of the Bastille fortress during the French revolution. But this year’s July 14th parade was the largest ever – President Emmanuel Macron had rallied European allies behind Ukraine for his last Bastille day parade in a large show of unity. Story by Caroline Baum.",
        "link": "https://www.france24.com/en/france-holds-largest-military-parade-ever-in-large-show-of-unity-for-ukraine",
        "place": "ukraine",
        "severity": 0,
        "scraped_at": "2026-07-14T17:13:01.767488+00:00"
      }
    },
    {
      "type": "Feature",
      "geometry": {
        "type": "Point",
        "coordinates": [
          105.3188,
          61.524
        ]
      },
      "properties": {
        "id_hash": "7085b9aeb4c9a26597bc6667a36bb6e8d3b5dd590a1890fb65052749000c2a46",
        "title": "Aboard French fighter jets defending European borders from Russia",
        "summary": "As Europe decides how to handle Russian aggression, French Rafale fighter jets are on the front lines. Our colleagues at France 2 headed to Lithuania to film French pilots defending Europe's borders. Constantly patrolling, the French crews deter Russian drones- and sometimes even planes – who enter European airspace.",
        "link": "https://www.france24.com/en/aboard-french-fighter-jets-defending-european-borders-from-russia",
        "place": "russia",
        "severity": 0,
        "scraped_at": "2026-07-14T17:13:01.767629+00:00"
      }
    },
    {
      "type": "Feature",
      "geometry": {
        "type": "Point",
        "coordinates": [
          53.688,
          32.4279
        ]
      },
      "properties": {
        "id_hash": "75a2d17d4b989267b2756a580a049c8293d0bdf228f4093e55bdd744bd1b0e76",
        "title": "US and Iran exchange strikes for the third day",
        "summary": "A serious escalation is occurring in the fighting between the US and Iran. Overnight and into this morning, the American military targeted sites across the Islamic Republic – while Iran fired ballistic missiles at US airbases in Jordan and Bahrain. There has been an escalation in the war of words too: President Donald Trump vowed to reinstate an American blockade of Iranian ports and charge ships for safe passage through the Strait of Hormuz. Details and analysis by Scott Lucas, professor of US and international politics at the Clinton Institute of University College Dublin.",
        "link": "https://www.france24.com/en/us-and-iran-exchange-strikes-for-the-third-day",
        "place": "iran",
        "severity": 4,
        "scraped_at": "2026-07-14T17:13:01.767838+00:00"
      }
    },
    {
      "type": "Feature",
      "geometry": {
        "type": "Point",
        "coordinates": [
          105.3188,
          61.524
        ]
      },
      "properties": {
        "id_hash": "89f72d0b908ad069710ca328da9751b3355f31cb4a615996db4808d15d55dc3e",
        "title": "Macron reviews troops for the last time at France's annual military parade",
        "summary": "French president Emmanuel Macron presided over his last Bastille day military parade as president. This edition showcased over 6,000 troops, including 500 from the coalition of the willing. France's rearmament and Europe's strategic autonomy on full display. The event aims to show the US president and Russia's Vladimir Putin that Europe is united and stands ready to defend itself. For more, FRANCE 24 spoke to Paul Smith, head of Modern Languages, university of Nottingham.",
        "link": "https://www.france24.com/en/macron-reviews-troops-for-the-last-time-at-france-s-annual-military-parade",
        "place": "russia",
        "severity": 0,
        "scraped_at": "2026-07-14T17:13:01.767932+00:00"
      }
    },
    {
      "type": "Feature",
      "geometry": {
        "type": "Point",
        "coordinates": [
          2.3483915,
          48.8534951
        ]
      },
      "properties": {
        "id_hash": "66d60c4552544aede7217e5ad14e72b6223d2c3f25a09c3c62ae457661de0722",
        "title": "French city of Nice marks 10th anniversary of terrorist attack",
        "summary": "France marks the 10-year anniversary of the 2016 Nice Bastille Day truck attack. The attacker, Mohamed Lahouaiej Bouhlel, drove his truck into a crowd along the “promenade des Anglais\" who had gathered to watch fireworks - killing 86 people. While Bouhlel was killed by police on the same night, eight people are accused of helping him with the attack. Their trial will begin on Monday in a special terrorism court in Paris. Catherine Viette takes a look back at the events of that night.",
        "link": "https://www.france24.com/en/french-city-of-nice-marks-10th-anniversary-of-terrorist-attack",
        "place": "Paris",
        "severity": 6,
        "scraped_at": "2026-07-14T17:13:03.340606+00:00"
      }
    },
    {
      "type": "Feature",
      "geometry": {
        "type": "Point",
        "coordinates": [
          -5.3474761,
          36.1285933
        ]
      },
      "properties": {
        "id_hash": "42a297012a9830eaae9eabfc974b03ef08f5102d4b71c4465e78d6de23013825",
        "title": "EU, UK sign Gibraltar status treaty easing border checks",
        "summary": "The EU and Britain on Tuesday signed a deal ending border checks between Gibraltar and Spain six years after the UK left the bloc. Gibraltar residents can now cross to Spain using ‌residence cards ​while Spanish citizens can cross using a government ID card.",
        "link": "https://www.france24.com/en/europe/20260714-eu-uk-sign-gibraltar-status-treaty-easing-border-checks",
        "place": "Gibraltar",
        "severity": 0,
        "scraped_at": "2026-07-14T17:13:04.148885+00:00"
      }
    },
    {
      "type": "Feature",
      "geometry": {
        "type": "Point",
        "coordinates": [
          105.3188,
          61.524
        ]
      },
      "properties": {
        "id_hash": "3c5ee8ff0cc473335e95ec83f02221f099bd082dcfcb5d6937b5eb8851ef2237",
        "title": "June was deadliest month for Ukrainian civilians in four years, UN says",
        "summary": "More than 293 Ukrainian civilians were killed and 1,990 wounded in Russian strikes across the country in the month of June, making it the highest toll in any single month since April 2022, the UN monitoring mission in Ukraine said Tuesday. The UN has recorded 16,431 verified civilian deaths in Ukraine since Russia's February 2022 invasion.",
        "link": "https://www.france24.com/en/europe/20260714-june-was-deadliest-month-ukrainian-civilians-four-years-un-says",
        "place": "russia",
        "severity": 6,
        "scraped_at": "2026-07-14T17:13:04.149012+00:00"
      }
    },
    {
      "type": "Feature",
      "geometry": {
        "type": "Point",
        "coordinates": [
          31.1656,
          48.3794
        ]
      },
      "properties": {
        "id_hash": "0e7c80e89420b9fa8cc3ef2d082fb254a9b9ab44ebf6f772ffc6fc3de60c662e",
        "title": "What the Lviv draft riot tells us about Ukraine’s struggle to send men to fight",
        "summary": "A violent confrontation between a hundreds-strong crowd and draft officers trying to detain military-age men in the western Ukrainian city of Lviv last week is just the latest in a growing number of attacks on military personnel charged with conscripting people to the front.",
        "link": "https://www.france24.com/en/europe/20260714-what-the-lviv-draft-riot-tells-us-about-ukraine-struggle-send-men-fight",
        "place": "ukraine",
        "severity": 2,
        "scraped_at": "2026-07-14T17:13:04.149152+00:00"
      }
    },
    {
      "type": "Feature",
      "geometry": {
        "type": "Point",
        "coordinates": [
          -150.0366131,
          61.159785
        ]
      },
      "properties": {
        "id_hash": "d881de4d510433f48b00ebc853faa4c54c7a835b847fe6cdcb6659f0469f0f7f",
        "title": "World Cup 2026: 'Spain are favourites', says French coach ahead of semi-final",
        "summary": "Didier Deschamps has reiterated his view that La Roja remain the favourites to win the World Cup. Spain face France on Tuesday for the chance to add a second star to their shirt, having lifted the trophy only once before, in 2010. Meanwhile, Senegal's Football Federation held its first press conference since the sacking of head coach Pape Thiaw, shedding new light on the tensions behind his departure.",
        "link": "https://www.france24.com/en/tv-shows/world-cup-debrief/20260714-spain-are-favourites-says-french-coach-ahead-of-semi-final",
        "place": "World Cup",
        "severity": 0,
        "scraped_at": "2026-07-14T17:13:05.502385+00:00"
      }
    },
    {
      "type": "Feature",
      "geometry": {
        "type": "Point",
        "coordinates": [
          104.1954,
          35.8617
        ]
      },
      "properties": {
        "id_hash": "925ba6cca13f4e7f15436295e64861965789b740ad9112c3513d9297b06a9c1f",
        "title": "Thailand: Don’t Forcibly Return Chinese Dissidents",
        "summary": "Click to expand Image\n          \n\n\n\n  \n        \n  \n\n        \n                      \n      \n        \n              The immigration detention center at the Immigration Bureau in Bangkok, Thailand, February 27, 2025.\n                    ©  2025 Narong Sangnak/EPA-EFE/Shutterstock\n          \n    \n\n\n  \n<p>(Bangkok) – The&nbsp;Thai government should not forcibly return detained Chinese dissidents to&nbsp;China, Human Rights Watch said today. At least four Chinese dissidents detained at the Suan Phlu Immigration Detention Center in Bangkok face possible deportation to China. The Chinese government has increasingly pressured Thai authorities ahead of Prime Minister Anutin Charnvirakul’s scheduled&nbsp;visit to China from July 16 to 20, 2026.&nbsp;</p><p>“Successive Thai governments have found it easy to cast aside Thailand’s international obligations to please Beijing,” said&nbsp;Sunai Phasuk, senior Thailand adviser at Human Rights Watch. “Thailand is damaging its reputation by complying with Chinese government requests to unlawfully deport Chinese dissidents instead of allowing them to travel to safe third countries.”</p><p>Human Rights Watch has learned that three known Chinese dissidents and a critical journalist are at risk of deportation:</p>Bai Zhaodong (白兆东), 56, a prominent former investigative journalist at Caixin, China’s leading media outlet, known for his reporting on high-level corruption in rural areas and on the impact of President Xi Jinping’s signature poverty alleviation initiative on vulnerable populations.&nbsp;Tan Yixiang (谭翼翔), 49, a Catholic and vocal advocate for Tibetan and Uyghur rights. He entered Thailand in 2022 and was&nbsp;arrested by Thai police later that year. He was&nbsp;released on bail in mid-2023, but in February 2024 police rearrested Tan and placed him in immigration detention.Zhang Xinyan (张信燕), 56, a practitioner of Falun Gong, a persecuted religious group, and an activist from China who fled to Thailand in 2014. In July 2025, Hong Kong police issued&nbsp;arrest warrants and a HK$200,000 (US$25,000) bounty against Zhang and 14 other activists from the “Hong Kong Parliament” diaspora group, alleging that they had committed “subversion” under the draconian Hong Kong National Security Law. In May 2026, Thai police&nbsp;arrested Zhang for allegedly overstaying her visa. On July 8, Thai authorities reportedly&nbsp;blocked Zhang from flying to Canada for resettlement.Zhou Junyi (周俊义), 54, a member of the banned China Democracy Party. He&nbsp;escaped to Thailand in 2015. In June 2025, Bangkok police arrested Zhou over visa violations shortly after he organized a memorial event for the 1989 Tiananmen Massacre.<p>UNHCR has recognized all four of them as refugees.</p><p>In recent years, successive Thai governments have forcibly returned dissidents and other wanted individuals to China, where they faced persecution, torture, and other ill-treatment. In February 2025, Thai authorities&nbsp;sent 40 Uyghur men to China, where their circumstances remain unknown. In July 2015, Thai authorities&nbsp;forcibly transferred more than 100 Uyghur men to the custody of Chinese authorities, who flew them from Bangkok to China.</p><p>A Chinese human rights activist,&nbsp;Jian Xing (邢鉴), was&nbsp;arrested in Bangkok in 2019 for overstaying his visa and threatened with forced return to China. But he was allowed to leave and resettle in New Zealand in 2020.&nbsp;</p><p>In 2015, Thai authorities&nbsp;forcibly returned the rights activists Dong Guangping (董广平) and Jiang Yefei (姜野飞) to China, despite UNHCR having recognized them as refugees and arranged their resettlement to Canada. They were&nbsp;later imprisoned in China for “inciting subversion” and “illegally crossing national borders.” Dong fled China again in 2026 by driving an&nbsp;inflatable boat to South Korea and has since been resettled in Canada.</p><p>Hu Junxiong (胡俊雄), a Chinese dissident who lived as a refugee in western Thailand for 10 years before&nbsp;resettling in Canada in 2025,&nbsp;told Radio Free Asia in 2023 that the situation of Chinese political refugees in Thailand had worsened due to pressure from Beijing. He said that he had faced “repeated harassment” from Thai immigration police, despite his good relationship with the local community and local police.</p><p>Thailand is not a party to the 1951 Refugee Convention and has no refugee law or effective national mechanisms to assess asylum claims. The Thai government is obligated to respect the international law principle of nonrefoulement, which prohibits countries from returning anyone to a place where they would face a real risk of persecution, torture or other serious ill-treatment, a threat to life, or other comparable serious human rights violations. Refoulement is prohibited by the UN Convention Against Torture, to which Thailand is a party, as well as customary international law. The prohibition on refoulement is also incorporated in Thailand’s 2023 Act on Prevention and Suppression of Torture and Enforced Disappearances.</p><p>Other countries will review Thailand’s human rights record at the UN Human Rights Council—of which Thailand is currently a member—during its Universal Periodic Review in November. During its last review, Thailand supported three recommendations, including one to implement legal measures to protect refugees and asylum seekers.&nbsp;</p><p>“Concerned governments should press the Thai authorities to protect the rights of people seeking safety in Thailand, rather than sending dissidents back to China and into harm’s way,” Phasuk said. “Thailand should demonstrate that it has earned its membership on the UN Human Rights Council.”</p>",
        "link": "https://www.hrw.org/news/2026/07/13/thailand-dont-forcibly-return-chinese-dissidents",
        "place": "china",
        "severity": 4,
        "scraped_at": "2026-07-14T17:13:07.257034+00:00"
      }
    },
    {
      "type": "Feature",
      "geometry": {
        "type": "Point",
        "coordinates": [
          -96.7297206,
          32.9481789
        ]
      },
      "properties": {
        "id_hash": "ea762b7375f32934087aba1b8986cc6ffa32e5531dbba70232ac112b11b008f2",
        "title": "Yet Another Death in ICE Custody",
        "summary": "Click to expand Image\n          \n\n\n\n  \n        \n  \n\n        \n                      \n      \n        \n              Naseer Ahmad Paktiawal holds Abubakar Paktiawal, son of his brother Mohammad Nazeer Paktiawal, who died in ICE custody, at the Abu Hanifa Mosque in Richardson, Texas, U.S. June 4, 2026.\n                    © 2026 Shelby Tauber/Reuters\n          \n    \n\n\n  \n<p>Mohammad Nazeer Paktiawal—an&nbsp;Afghan&nbsp;asylum seeker&nbsp;who had worked alongside the US military in Afghanistan—died on March 14, 2026, from an alleged allergic reaction less than 24 hours after being detained by US Immigration and Customs Enforcement (ICE) in Texas. His death certificate was released, 103 days later, on June 25, 2026.</p><p>In announcing his death, ICE&nbsp;vilified Paktiawal as a “criminal illegal alien,” adding erroneous insult to his death. He had prior arrests for fraud and theft, but no convictions. Moreover, he was not in the United States illegally, but was paroled in due to his decade of work in support of US military operations. He had a&nbsp;pending asylum claim, but the administration&nbsp;suspended processing of Afghan asylum claims last November.</p><p>The 41-year-old father of six was arrested&nbsp;outside his home on March 13 while preparing to take his children to school, a part of a “targeted enforcement action.” His family told&nbsp;#AfghanEvac that Paktiawal relied on an inhaler his wife attempted to provide. According to&nbsp;ICE, Paktiawal reported shortness of breath and chest pains and was transferred to the hospital. He died the next day.</p><p>Paktiawal’s death is part of a dramatic increase in ICE custody deaths: 54 people&nbsp;died in ICE custody between January 2025 and June 24, 2026, significantly outpacing the expanding numbers of detained people.</p><p>Transparency demands&nbsp;have intensified since the current administration took office, as ICE has repeatedly failed to publish timely information on deaths in its custody, including sufficient details on the health care received by people in the lead-up to their deaths.</p><p>Paktiawal’s death was declared&nbsp;an accident, raising more questions than it answered.</p><p>Moreover, the administration has refused to release additional information surrounding Paktiawal’s death, despite months of demands from&nbsp;Paktiawal’s family,&nbsp;advocacy organizations, and members of Congress, including&nbsp;Sen. Richard Blumenthal (D-CT) and&nbsp;Rep. Marc Veasey (D-TX). Local authorities have also&nbsp;withheld the autopsy report, citing ICE concerns that its release could “hinder and/or interfere the ongoing federal criminal investigation.”</p><p>Transparency and accountability includes full investigations and information. Release of Paktiawal’s full autopsy report would be a good start, and authorities should seriously consider taking at least that step.</p>",
        "link": "https://www.hrw.org/news/2026/07/13/yet-another-death-in-ice-custody",
        "place": "Richardson",
        "severity": 0,
        "scraped_at": "2026-07-14T17:13:08.827641+00:00"
      }
    },
    {
      "type": "Feature",
      "geometry": {
        "type": "Point",
        "coordinates": [
          -74.0060152,
          40.7127281
        ]
      },
      "properties": {
        "id_hash": "1eda4cff31a845e834fe588e90a061d87617be4acc575ea7a75f6ef10c883aba",
        "title": "Local Law Enforcement Should Put Domestic Violence Victims Ahead of Immigration Agenda",
        "summary": "Click to expand Image\n          \n\n\n\n  \n        \n  \n\n        \n                      \n      \n        \n              Plainclothes Immigration and Customs Enforcement (ICE) officers detain an immigrant leaving their scheduled court appearance at a Federal immigration court in New York City, June 4, 2025.\n                    © 2025 Andrew Lichtenstein/Corbis via Getty Images\n          \n    \n\n\n  \n<p>Human Rights Watch, the&nbsp;Alliance of Immigrant Survivors,&nbsp;Americans for Immigrant Justice, and other partners, submitted a statement of record to Congress on July 10 as the Trump administration&nbsp;continues to use state and local police via the 287(g) agreements that allow these agencies to participate in federal immigration enforcement.</p><p>The statement emphasizes that survivors of domestic violence and trafficking need to be able to trust local authorities and comes in the wake of Congress’s June authorization of over&nbsp;US$31 billion for Immigration and Customs Enforcement (ICE) and to support 287(g) agreements with more than 2,000 local law enforcement agencies nationwide.</p><p>While the administration claims to be targeting&nbsp;“the worst of the worst,”&nbsp;since President Donald Trump took office to this March,&nbsp;66 percent of those who have been arrested have no conviction and 38 percent have neither a conviction nor a pending charge.</p><p>Human Rights Watch and the Alliance of Immigrant Survivors have gathered accounts of police arresting immigrant women in domestic violence situations, then transferring them to&nbsp;ICE custody. We’ve also heard from two lawyers about cases where they say police also arrested women in “prostitution” stings and then passed these women over to ICE who then detained them. The women’s lawyers allege it was clear that they were victims of human trafficking.</p><p>Local law enforcement’s cooperation with ICE&nbsp;increases fears of detention, deportation, and family separation, harming community safety by negatively impacting&nbsp;community trust, especially for immigrant survivors of domestic violence. As survivors become&nbsp;too scared to report crime, abusers are empowered—risking community safety for all. To that end, our statement warns when we “shut immigrant survivors out of protection systems, we lose critical opportunities to identify and intervene with harm doers early, before patterns of abuse deepen and more people are hurt or worse.”</p><p>As law enforcement ramps up efforts to meet the administration’s aggressive&nbsp;deportation goals, it is&nbsp;essential for community safety that authorities prioritize protecting survivors regardless of their immigration status. Congress should make sure that the increased funding it has provided to ICE does not further undermine immigrant survivors, women’s rights, and community safety across the country.</p>",
        "link": "https://www.hrw.org/news/2026/07/13/local-law-enforcement-should-put-domestic-violence-victims-ahead-of-immigration",
        "place": "New York City",
        "severity": 2,
        "scraped_at": "2026-07-14T17:13:10.295249+00:00"
      }
    },
    {
      "type": "Feature",
      "geometry": {
        "type": "Point",
        "coordinates": [
          1.04257,
          43.7603
        ]
      },
      "properties": {
        "id_hash": "a602f85e83395e01ac4b2bf9f35e21561045a65b5eb5dc1d3a714119d987d32e",
        "title": "Bangladesh: Landslides Deadly for Rohingya Refugees",
        "summary": "Click to expand Image\n          \n\n\n\n  \n        \n  \n\n        \n                      \n      \n        \n              Rescuers work at the site of a landslide at a Rohingya refugee camp in Cox's Bazar, Bangladesh,  July 8, 2026.\n                    © 2026 Shamimul Islam Faisal/AP Photo \n          \n    \n\n\n  \n<p>(Bangkok) – The deadly risks facing&nbsp;Rohingya refugees in&nbsp;Bangladesh were evident from landslides in July 2026 that killed at least 17 people and displaced more than 3,000, Human Rights Watch said today.&nbsp;</p><p>Bangladesh has been hosting over a million Rohingya refugees for nearly a decade, with expanding families crammed into&nbsp;bamboo and tarp shelters on steep, deforested hillsides that are highly vulnerable during the monsoon season. As more refugees arrive from&nbsp;Myanmar, the&nbsp;United Nations refugee agency (UNHCR) has repeatedly warned of deaths and injuries in the congested camps due to lethal cyclones, floods, and landslides. Bangladesh authorities, the UN, and donor governments should reduce overcrowding in the refugee camps and urgently restore aid for embankments, drainage, access routes, and emergency relocation sites.</p><p>“Every monsoon is becoming increasingly deadly for Rohingya refugees in Bangladesh, with denuded hills sliding away under makeshift structures, as the funding to buttress the camps has dried up,” said Meenakshi Ganguly, deputy Asia director at Human Rights Watch. “These are not simply natural disasters, but a predictable outcome of policies that put refugees’ lives at risk.”</p><p>The&nbsp;Rohingya Coordination Platform reported that between July 4 and July 9, there were 286 weather-related incidents across the camps in Cox’s Bazar, affecting 26,119 refugees, including 95 landslides that displaced 4,307 people, partially damaged 2,809 shelters and destroyed 13. Several learning centers, toilet and tap-water facilities, retaining walls, pathways, stairways, bridges, and roads have also been damaged.&nbsp;Bangladesh authorities have moved more than 1,000 refugees from high-risk areas, but many have been unwilling to leave their homes.</p><p>Human Rights Watch interviewed nine people, including five Rohingya refugees affected by the landslides and four humanitarian workers involved in the emergency response.&nbsp;</p><p>One water, sanitation, and hygiene civil engineer said the settlement design was faulty from the start. “When the Rohingya first took shelter here, the camps were made by cutting hills and without planned drainage systems,” he said. “Now, because of funding cuts, sustainable landslide-prevention work, especially brickwork, cannot be done properly, while the Bangladesh government refuses to allow permanent constructions in the camps.”</p><p>Newly arrived refugees are particularly at risk because they are not allocated formal shelters and end up renting or buying unsafe spaces, Human Rights Watch said. “I repeatedly asked NGO [nongovernmental organization] staff for a shelter, but they told me shelters were not being allocated for new arrivals,” said one man, who reached Bangladesh in August 2024. His two daughters and two grandchildren died on July 6 because they were living at the edge of hill in a makeshift shelter that he had constructed. “I didn’t know the hill would collapse like this,” he said.</p><p>As of May, at least&nbsp;152,000 Rohingya refugees have arrived in Cox’s Bazar since fighting between the Myanmar military and the Arakan Army, an ethnic armed group, resumed in November 2023. A&nbsp;Rohingya response flash appeal for new arrivals said the initial 2025 Joint Response Plan had accounted for 50,000 new arrivals, but with three times that number now in the camps, those planning figures are inadequate.&nbsp;</p><p>The Bangladesh government has&nbsp;yet to decide on a UNHCR request for more land to accommodate these new arrivals, who have been crammed into the existing 24 square kilometers allocated for the camps. “The government does not want the refugees to think Bangladesh as their permanent place to stay,” one humanitarian worker said. “So, during any meeting the authorities seem very strict about not allowing any shelters for the new arrivals.”&nbsp;</p><p>Because of an increasing demand for shelters, the refugees are afraid to leave their homes. “We repeatedly raise awareness, but we can’t move many people who are at risk,” one aid worker said. “Just now in Camp 18, I saw that after a landslide, one house had half-collapsed into another house, but we still couldn’t move people.”</p><p>Aid workers also said that emergency relocation is difficult because the camps have too little space and that the temporary sites—such as learning centers or spaces to care for children, adolescents, and women—often lack privacy and adequate services. “They worry that in learning centers or other relocation places, many people stay together and there are problems with access to toilets and other privacy concerns,” the aid worker said.</p><p>In December 2024, the Bangladesh government&nbsp;approved construction of temporary shelters that are stronger than the existing bamboo and tarpaulin structures. It also&nbsp;approved three semi-permanent shelter models and is considering pilot projects to create two-story shelters to address congestion. It had also agreed to the reconstruction of 50,000 shelters. However, humanitarian funding cuts announced in January 2025 halted the plan. The forest department, local representatives, and host-community members&nbsp;have objected to these plans, which entail permanent settlement, warning against loss of reserved forest land.&nbsp;</p><p>Shelter safety should be treated as a human rights issue, not as a concession toward permanent settlement, Human Rights Watch said. Donors should fund these approved safer shelter models, and Bangladesh should continue to permit disaster-resistant designs and safe relocation spaces.</p><p>Currently the&nbsp;Shelter and Camp Coordination and Camp Management appeal is only 42 percent funded, with US$73.9 million still required, and the disaster risk management plan has a US$23.2 million gap. The Rohingya Coordination Platform has&nbsp;called for immediate funding for slope stabilization, drainage, watershed management, access improvements, and technical capacity to protect lives and sustain humanitarian access throughout the monsoon season, which typically ends in October.</p><p>“Rohingya refugees won’t benefit from further hand wringing, but by an urgent and effective response,” Ganguly said. “Concerned governments need to act instead of waiting for the next landslide to sweep away another Rohingya family.”</p>",
        "link": "https://www.hrw.org/news/2026/07/13/bangladesh-landslides-deadly-for-rohingya-refugees",
        "place": "Cox",
        "severity": 4,
        "scraped_at": "2026-07-14T17:13:11.649931+00:00"
      }
    },
    {
      "type": "Feature",
      "geometry": {
        "type": "Point",
        "coordinates": [
          -98.5795,
          39.8283
        ]
      },
      "properties": {
        "id_hash": "bd01899198f6bdbb0dc129e8b5d442879bf8d711d048fe6ae7bb098ab2a82c31",
        "title": "Five Years On, Hundreds of Cuban Protesters Still Behind Bars",
        "summary": "Click to expand Image\n          \n\n\n\n  \n        \n  \n\n        \n                      \n      \n        \n              Riot police walk the streets after a demonstration against the government of President Miguel Diaz-Canel in Arroyo Naranjo Municipality, Havana, Cuba, on July 12, 2021.\n                    © 2021 Yamil Lage/AFP via Getty Images\n          \n    \n\n\n  \n<p>Five years ago, on July 11, 2021, Cuba experienced its largest nationwide demonstrations since the 1959 Revolution, as thousands took to the streets amid severe shortages and calls for greater rights and freedoms. The government responded with a wave of repression, deepening decades of restrictions on dissent. Rights groups Justicia 11J and Prisoners Defenders estimate that about 800 political prisoners remain behind bars, nearly half in connection with those demonstrations.</p><p>Human Rights Watch&nbsp;found that Cuban courts convicted many of them of crimes for engaging in what should be lawful acts of free expression and association. Others were accused of violent crimes, such as throwing stones, based on unreliable or uncorroborated evidence, and sentenced to disproportionate prison terms. Human Rights Watch also spoke to former detainees who described serious abuses in prison, including beatings, solitary confinement, and lack of medical care.</p><p>Luis Manuel Otero Alcántara, an artist and activist&nbsp;arrested as he was heading to the demonstrations, was sentenced to five years in prison. He should have been released on July 9. Instead, Cuban authorities transferred him to an undisclosed location where, according to his friend, activist and curator Anamely Ramos, he remains in custody while awaiting admission to the United States under the Significant Public Benefit Parole program. She said the authorities' actions suggest that they are making his release contingent on him leaving the country. Ramos, who spoke with Otero by phone on July 9, said he was unable to tell her where he was being held.</p><p>Juan Enrique Pérez Sánchez joined the 2021 protests and is serving eight years for&nbsp;“contempt, public disorder, and sabotage.” Cuban prosecutors accused him of throwing rocks, based on&nbsp;“odor traces” allegedly found on the rocks. Forensic experts from the International Rehabilitation Council for Torture Victims told Human Rights Watch that such traces “should not be considered as scientifically based evidence.”</p><p>Cuban human rights groups say that guards beat Ibrahim Domínguez Aguilar after he requested medical attention in 2024 and&nbsp;Duannis Dabel León Taboada after he protested the lack of medical care for other inmates that same year. The rights group Cubalex said that the authorities&nbsp;continue to deny Lizandra Góngora Espinosa treatment for sickle cell anemia and a uterine fibroid causing her pain and bleeding. All three remain in prison.</p><p>Five years on, protests in Cuba continue, even if at a smaller scale. The repressive system hasn’t changed. The Cuban government should immediately and unconditionally release all political prisoners and end its systematic repression of dissent.</p>",
        "link": "https://www.hrw.org/news/2026/07/10/five-years-on-hundreds-of-cuban-protesters-still-behind-bars",
        "place": "usa",
        "severity": 0,
        "scraped_at": "2026-07-14T17:13:11.650878+00:00"
      }
    },
    {
      "type": "Feature",
      "geometry": {
        "type": "Point",
        "coordinates": [
          -74.2973,
          4.5709
        ]
      },
      "properties": {
        "id_hash": "0464ac694413b1293f899a20361a77aa3f1191ce0648f5319b4e2ad058eb8f6d",
        "title": "European Parliament Resolution on Sudan Should Spark Action",
        "summary": "Click to expand Image\n          \n\n\n\n  \n        \n  \n\n        \n                      \n      \n        \n              Villagers from Al-Luwaib in North Kordofan stand at a burial site for victims of a drone strike, in El Obeid, Sudan, January 14, 2026.\n                    © 2026 El Tayeb Siddig/Reuters\n          \n    \n\n\n  \n<p>The European Parliament adopted a milestone resolution on July 8 that addresses the armed conflict in Sudan and the Rapid Support Forces (RSF) attacks in El Obeid, capital of North Kordofan.</p><p>Civilians in El Obeid continue to suffer from unlawful attacks. “Drones strikes are daily,” one resident said. “They’re targeting infrastructure like water, fuel and the electricity station [that] we need for our survival.” Fifteen drone strikes killed at least 45 civilians in El Obeid and the surrounding area over three weeks in June.</p><p>The resolution is significant because for the first time it explicitly names the UAE as participating in and fueling the war in Sudan and calls for actions to end this support.</p><p>Since the outbreak of the conflict in 2023, diplomats and policymakers have steadfastly opposed naming the UAE. Delaying this step kept the European Parliament from denouncing the UAE’s support to the abusive RSF.</p><p>Nor had growing attention to the Sudan crisis in recent weeks resulted in greater focus on the UAE’s role. The United Nations Human Rights Council, which had previously denounced external support sustaining the conflict, did so again without naming the UAE.</p><p>Human Rights Watch research found that Colombian private military contractors, hired by a UAE-based company, transited through UAE military bases before being deployed to Sudan to support the RSF. We also found that Colombian fighters were present when the RSF captured El Fasher in 2025. This is further evidence that the UAE is assisting or otherwise substantially contributing to the RSF’s capacity to commit war crimes. They have also provided them with weapons and ammunition, some made in Europe, in violation of the UN arms embargo on Darfur.</p><p>With RSF’s abuses under the spotlight, the European Union should roll out targeted sanctions against entities, including the Abu Dhabi-based company Global Security Services Group and its chief executive officer, Mohamed Hamdan al-Zaabi, for apparently hiring the Colombian fighters, and other companies, such as airlines and airport operators, involved in the UAE air bridge to the RSF. They should suspend their military and defense cooperation with the UAE and ensure any further cooperation is contingent on the UAE government ending its support of the RSF.</p>",
        "link": "https://www.hrw.org/news/2026/07/10/european-parliament-resolution-on-sudan-should-spark-action",
        "place": "colombia",
        "severity": 8,
        "scraped_at": "2026-07-14T17:13:11.651226+00:00"
      }
    },
    {
      "type": "Feature",
      "geometry": null,
      "properties": {
        "id_hash": "6189101cad88af1b29d6b55017bb9a3f330167afae69792f9d7b74d783aa2194",
        "title": "Proposed Law in France Threatens Civic Space",
        "summary": "Click to expand Image\n          \n\n\n\n  \n        \n  \n\n        \n                      \n      \n        \n              French Interior Minister Laurent Nuñez during the weekly session of questions to the government at the National Senate. Paris, France.&nbsp;\n                    © 2019 Sipa via AP Images\n          \n    \n\n\n  \n<p>The French government is expected at any moment to unveil troubling draft legislation to address so-called entryism: the idea that certain groups seek to infiltrate state institutions to influence and promote an ideological agenda. If adopted, the bill would further erode the country’s already shrinking civic space.</p><p>The entryism bill would aim to strengthen the&nbsp;2021 Law Reinforcing Respect for the Principles of the Republic, often referred to as the&nbsp;“separatism law,” which grants the government broad powers to&nbsp;shut down nongovernmental groups by ministerial decree. It also forces organizations to sign a&nbsp;“Contract of Republican Engagement” conditioning the receipt of public funds on vague requirements, including refraining “from any action that undermines public order.” These tools have created an environment of&nbsp;intense pressure and&nbsp;self-censorship among civil society.</p><p>The French Senate passed on May 5 the first reading of a separate, highly restrictive bill initiated by conservative Senator Bruno Retailleau specifically targeting “Islamist entryism.” While Retailleau’s bill is unlikely to secure enough support for the next phase of the legislative process, it serves as a blueprint for what the government intends to incorporate into its own legislation.</p><p>Interior Minister Laurent Nuñez&nbsp;has said that the government bill will closely align with Retailleau’s proposal. The Council of State is currently reviewing the government’s entryism bill which will then be discussed by the Council of Ministers; if approved, the draft will be presented to the Parliament.</p><p>Although the final draft is not public, Nuñez has outlined several&nbsp;key provisions raising serious human rights concerns. They would grant the Ministry of Interior and local state-appointed governors unprecedented powers, broadening grounds for dissolution of nongovernmental groups. It would also allow the government to freeze nongovernmental groups’ assets and will expand state powers to enforce compliance with the Contract of Republican Engagement.</p><p>CIVICUS Monitor, a global alliance tracking civic freedoms across the globe,&nbsp;downgraded France’s civic space status from “restricted” to “obstructed” in December 2025. The government’s proposed law would compound the problem.</p><p>The French government should halt this dangerous downward spiral, scrap the bill, and take steps to protect civic space. As the European Commission prepares to publish its&nbsp;annual Rule of Law Report, it should issue clear, enforceable recommendations that directly address respect for rights to freedom of thought, expression and assembly and democratic backsliding in France.</p>",
        "link": "https://www.hrw.org/news/2026/07/10/proposed-law-in-france-threatens-civic-space",
        "place": "France Threatens Civic Space\nClick",
        "severity": 2,
        "scraped_at": "2026-07-14T17:13:13.003232+00:00"
      }
    },
    {
      "type": "Feature",
      "geometry": {
        "type": "Point",
        "coordinates": [
          -98.5795,
          39.8283
        ]
      },
      "properties": {
        "id_hash": "5a8724b423b2ca043e021cb65523b19b612f42fc066a3d69e97d83900a1825d9",
        "title": "UNRWA is Irreplaceable in Gaza",
        "summary": "Click to expand Image\n          \n\n\n\n  \n        \n  \n\n        \n                      \n      \n        \n              Palestinians receive humanitarian aid from the United Nations Relief and Works Agency for Palestine Refugees in the Near East (UNRWA) in Khan Younis, February 5, 2025.\n                    © 2025 Abed Rahim Khatib/picture-alliance/dpa/AP Photo \n          \n    \n\n\n  \n<p>Governments should disregard the&nbsp;statement from the US President Donald Trump-chaired Board of Peace that “UNRWA has no place in the new Gaza,” the latest salvo in the US and Israeli government’s long-running campaign to destroy the United Nations Relief and Works Agency for Palestine Refugees.</p><p>Even before October 2023, UNRWA provided lifesaving humanitarian aid and services to Palestinian refugees in Gaza, the West Bank, and elsewhere. The International Court of Justice (ICJ)&nbsp;made clear in a 2025 advisory opinion that Israel is legally&nbsp;obligated&nbsp;to enable UNRWA to operate to ensure the unhindered provision of humanitarian relief to civilians in Gaza.</p><p>UNRWA remains the&nbsp;backbone of humanitarian aid in Gaza. Humanitarian aid organizations active in the region have said that UNRWA is&nbsp;irreplaceable and undermining its role will create a dangerous—and potentially catastrophic—vacuum.</p><p>UNRWA delivers food and medical assistance to people in Gaza, provides education to hundreds of thousands of children who have been largely deprived of their right to education for over two years,&nbsp;provides psychosocial support to 730,000 displaced people, and potable water to 860,000 people daily. States deliberately obstructing such humanitarian aid is a violation of international law.</p><p>UNRWA has maintained this critical support even though nearly 400 UNRWA staff have been killed in Gaza since October 2023, many of its facilities have been damaged or destroyed, and funding suspensions have brought it to the brink of collapse.</p><p>The Board of Peace does not have the power to decide whether UNRWA has a role in Gaza: the Agency’s mandate can only be amended or terminated by the UN General Assembly, and states voted overwhelmingly to renew its mandate in December 2025. Human Rights Watch has&nbsp;previously warned of the danger of the Board of Peace undermining the UN and its agencies.</p><p>Israeli authorities should comply with international obligations and stop ongoing attacks on UNRWA and other humanitarian organizations. States should continue to fund and support UNRWA and protect its mandate. Rather than vilifying UNRWA, it would be far more productive for the US and Board of Peace to press Israel to respect its obligations under international law and to stop impeding entry of humanitarian aid into Gaza, which remains woefully insufficient.</p>",
        "link": "https://www.hrw.org/news/2026/07/10/unrwa-is-irreplaceable-in-gaza",
        "place": "usa",
        "severity": 6,
        "scraped_at": "2026-07-14T17:13:13.003731+00:00"
      }
    },
    {
      "type": "Feature",
      "geometry": {
        "type": "Point",
        "coordinates": [
          -95.3676974,
          29.7589382
        ]
      },
      "properties": {
        "id_hash": "ceec9a2e94bc783f609d1da8f3d4f9f5ac39f5f65e73df24103df91ec0bcda70",
        "title": "Latest ICE Killing Demands Independent Investigation",
        "summary": "Click to expand Image\n          \n\n\n\n  \n        \n  \n\n        \n                      \n      \n        \n              Ronaldo Salgado (right), son of Lorenzo Salgado Araujo, speaks as his brother, Lorenzo Jr. holds family photographs during a news conference in Houston, Texas, July 8, 2026.\n                    © 2026 David J. Phillip/AP Photo\n          \n    \n\n\n  \n<p>A US Immigration and Customs Enforcement (ICE) agent fatally shot Lorenzo Salgado Araujo in Houston, Texas on July 7. This is the latest in a string of shooting incidents involving federal immigration agents over the past two years.&nbsp;</p><p>Salgado, who had reportedly lived in the United States for nearly 35 years, leaves behind a wife and three children. One of his sons, Ronaldo, spoke at a press conference on July 8, describing his father’s dedication to their family and sharing that he and his brother had graduated from university thanks to their father’s “hard work and inspiration.”&nbsp;</p><p>While video footage of Salgado’s killing has yet to publicly surface, past ICE conduct gives rise to immediate concerns about both the incident itself and the prospects for a truly credible investigation.</p><p>The Department of Homeland Security (DHS) said ICE was conducting “a targeted enforcement operation” when Salgado “weaponized his vehicle in an attempt to run over an ICE law enforcement officer” before an ICE officer fatally shot him.</p><p>The language evokes the claims DHS advanced in other cases where agents shot drivers, including the January 7 fatal shooting of US citizen Renee Good in Minneapolis. In that case, DHS stated that Good “weaponized her vehicle in an attempt to kill [ICE officers],” a false claim contradicted by video evidence.</p><p>In September 2025, an ICE officer&nbsp;shot Silverio Villegas González near Chicago,&nbsp;claiming he “drove his car at law enforcement officers.” But CCTV&nbsp;footage called that account into question.</p><p>Authorities should immediately carry out a comprehensive, transparent investigation into Salgado’s killing and whether ICE officers complied with use-of-force policies. Given federal authorities’ repeated failures to credibly investigate similar incidents, including Good’s killing, local Houston authorities should investigate the killing as well, and federal authorities should share evidence with them.&nbsp;</p><p>Congress, meanwhile, should step up its oversight of DHS. Instead of expansively resourcing ICE while ignoring its deadly human rights abuses, Congress should hold oversight hearings, including on killings by federal immigration agents. They should also pass legislation imposing sweeping DHS reforms, such as robust investigation and reporting requirements and meaningful consequences for violations, including effective remedies for victims of abuse.</p>",
        "link": "https://www.hrw.org/news/2026/07/09/latest-ice-killing-demands-independent-investigation",
        "place": "Houston",
        "severity": 0,
        "scraped_at": "2026-07-14T17:13:14.457674+00:00"
      }
    },
    {
      "type": "Feature",
      "geometry": {
        "type": "Point",
        "coordinates": [
          -75.1674892,
          39.9009099
        ]
      },
      "properties": {
        "id_hash": "d647186a2eb9d4214c6369988b31686aab164019d523f9b50ff32b179df00a69",
        "title": "FIFA Should Tackle Racism and Discrimination On and Off the Pitch",
        "summary": "Click to expand Image\n          \n\n\n\n  \n        \n  \n\n        \n                      \n      \n        \n              Kylian Mbappé during the men’s World Cup, Round of 16, Paraguay vs. France at Philadelphia Stadium, US, on July 4, 2026.\n                    © 2026 Tom Weller/picture-alliance/dpa/AP Photo \n          \n    \n\n\n  \n<p>Following France’s July 4 victory over Paraguay, Paraguayan Senator Celeste Amarilla&nbsp;attacked French player Kylian Mbappé with dehumanizing remarks. The&nbsp;Dutch and&nbsp;German national teams’ elimination from the round of 32 prompted racist posts online. An Argentina fan was reportedly&nbsp;caught on video on July 7 making racist gestures at American YouTuber&nbsp;IShowSpeed (Darren Watkins Jr.).</p><p>FIFA released&nbsp;analysis on July 1 finding that, based on the World Cup so far, “racial abuse is growing and has become a persistent threat to the wellbeing of players.” FIFA has&nbsp;identified more than 89,000 abusive online posts during the tournament, with 11 percent containing specifically racial abuse.</p><p>A United Nations human rights spokesperson&nbsp;called Amarilla’s remarks “despicable and, regrettably, not isolated,” and said governments and sports organizations “must actively work to prevent acts of racism and any other form of discrimination.”</p><p>But while FIFA has&nbsp;condemned racist incidents at the World Cup, it can certainly do more to combat discrimination off the field. The majority of World Cup matches are held in the United States, where President Donald Trump’s abusive and discriminatory immigration crackdown— primarily focused on Black and Brown communities—has put fans, workers, and communities at risk.</p><p>Prior to the World Cup, Human Rights Watch&nbsp;urged FIFA to use its leverage with the Trump administration to challenge these actions, noting they “would fundamentally undermine the inclusive spirit of the World Cup and the non-discrimination policies under FIFA’s&nbsp;Statutes.” We also called for FIFA to push for an “ICE Truce” to protect soccer fans, workers, and communities from abusive immigration operations.</p><p>Instead, FIFA awarded Trump the newly-concocted FIFA Peace Prize,&nbsp;citing his “unwavering commitment to advancing peace and unity throughout the world.” Host city human rights action plans developed with FIFA also&nbsp;largely failed to address the risk to fans and workers from the&nbsp;US government’s immigration operations.</p><p>Soccer’s popularity means FIFA has a global platform. As well as condemning racist attacks against athletes and fans, FIFA should use its leverage to tackle the impact of the US government’s discriminatory policies on fans, players, and other affected people as the World Cup unfolds.</p>",
        "link": "https://www.hrw.org/news/2026/07/09/fifa-should-tackle-racism-and-discrimination-on-and-off-the-pitch",
        "place": "Philadelphia Stadium",
        "severity": 4,
        "scraped_at": "2026-07-14T17:13:15.912024+00:00"
      }
    },
    {
      "type": "Feature",
      "geometry": {
        "type": "Point",
        "coordinates": [
          105.3188,
          61.524
        ]
      },
      "properties": {
        "id_hash": "b27348db45ee3beb8432d0ac85787613c7c12edebaf4d93a46bd747119928cb9",
        "title": "Ukraine: Civilians Trapped in Occupied Khersonska Region",
        "summary": "Click to expand Image\n          \n\n\n\n  \n        \n  \n\n        \n                      \n      \n        \n              The Antonovsky bridge destroyed by the Russian army with explosives in its retreat of Kherson, Ukraine, November 16, 2022.\n                    © 2022 Celestino Arce Lavin/ZUMA via Reuters \n          \n    \n\n\n  \n<p>(Berlin, July 9, 2026) – Civilians trapped in front-line areas of the&nbsp;Russian-occupied Khersonska region in southern&nbsp;Ukraine face dire humanitarian conditions and have no safe way to leave, Human Rights Watch said today. Civilians who wish to evacuate should be allowed to do so safely.</p><p>Residents who escaped the city of Oleshky, on the east bank of the Dnipro River, described severe shortages of food and medical care, and the collapse of basic services. They experienced unpredictable procedures at Russian checkpoints and the risk of death or serious injury from ongoing hostilities and landmines while moving around or attempting to leave. Antipersonnel mines, which both Russian and Ukrainian forces have used during the conflict, pose a particularly grave and lasting danger to civilians.</p><p>“Civilians trapped in parts of the occupied Khersonska region are surviving in hellish conditions,” said&nbsp;Yulia Gorbunova, associate director for Ukraine at Human Rights Watch. “Many have managed to escape, but among those who remain are more who want to flee, if evacuation were not such a life-threatening gamble.”</p><p>Oleshky has been under Russian occupation since February 2022 and is currently on the front line between Russian and Ukrainian forces. Both Russian and Ukrainian forces have been conducting attacks in the area, and Oleshky has been subjected to sustained attacks by Ukrainian forces.</p><p>Human Rights Watch interviewed six residents who escaped Oleshky between October 2025 and May 2026, some of whom remained in contact with people still in the city, as well as a Kherson-based journalist, and reviewed&nbsp;media reports and official statements.</p><p>Other occupied parts of Khersonska region where conditions have been reported as dire for civilians include Hola Prystan, Stara Zburivka, and Nova Zburivka.</p><p>According to the UN Human Rights Monitoring Mission in Ukraine, civilian security in Oleshky and Hola Prystan deteriorated significantly in 2025 and 2026. In 2026 alone, the mission recorded reports of at least 29 civilians killed and 54 injured across both cities.</p><p>Oleshky had about 24,000 residents before Russia’s full-scale invasion of Ukraine but now has an&nbsp;estimated population of about 2,000, according to the Ukrainian government. Those remaining include older people, people unable to leave, and an estimated 200 children. To Human Rights Watch’s knowledge, neither Russian occupation authorities, international humanitarian organizations, nor other intermediaries currently operate an organized evacuation system for older people, people with disabilities, wounded or sick civilians, or others at heightened risk.</p><p>Former Oleshky residents described the near-total collapse of public utilities. They said there was no electricity or gas, and that many people were forced to rely on wood-burning stoves with trees for firewood. Those with diesel generators faced increasingly expensive and scarce fuel. Some had installed solar panels to pump water and keep refrigerators running.</p><p>Residents said that since the beginning of 2026, commercial deliveries of basic goods to some occupied areas had become rare and unpredictable. When sellers reached Oleshky, residents said, crowds quickly took what was available. The daughter of an 84-year-old woman who fled Oleshky in May said older residents “are unable to compete with the crowd.” “When I saw my mother, she was so thin,” the daughter said. “There was nothing out there; people were starving.”</p><p>Another woman, who hid in her home for four months before escaping in May, said: “In my neighborhood, everything is scorched, burned out. We were afraid to venture outside just to get water.”</p><p>Residents said local medical care was barely functioning. The Oleshky District Hospital operates on emergency generator power, with limited capacity. One man said he witnessed the death of a 65-year-old neighbor who stepped on a mine: “It severed his artery,” he said. “While we were trying to tie a tourniquet around his leg, Russian [soldiers] gave him a painkiller. The ambulance couldn’t reach us. We had nowhere to carry him…. Drones were [hovering overhead]. Two hours later, he died from blood loss.”</p><p>Human Rights Watch could not determine whether humanitarian organizations had regular access to Oleshky or surrounding villages. Both warring parties are obligated under international humanitarian law to facilitate access for humanitarian assistance to civilians.</p><p>Russia, as the occupying power, has an obligation to ensure that civilians in occupied territory have access to food, medical care, and other goods and services essential for survival.</p><p>All former Oleshky residents interviewed described intensifying danger from attacks and landmines. They said drones were “constantly hovering” overhead and that mines were scattered throughout the city and along roads.</p><p>Human Rights Watch has not determined responsibility for specific drone attacks or for the emplacement of particular mines in and around Oleshky. Human Rights Watch found credible indications that Ukrainian forces may have used drones and mines on roads in and around Oleshky, but has not determined the scale, the precise circumstances of the incidents, or responsibility for specific attacks or particular mines. Both Russian and Ukrainian forces have used drones and mines in the broader area during the war. Landmines, including antipersonnel mines, pose a grave and lasting threat to civilians and can make evacuation routes deadly.</p><p>Former residents said there was no organized, safe evacuation route for civilians. Those who left since March said that leaving Oleshky required passing through Russian military checkpoints, including in Hola Prystan and Hladkivka, where passage was subject to the discretion of Russian forces.</p><p>“Everything is at your own risk, you just take your life in your hands [if you want to flee],” said a resident who escaped in March.</p><p>Warring parties are obligated under international humanitarian law to take all feasible steps to allow the civilian population to evacuate safely, if they choose.</p><p>Fear, damaged telecommunications, and lack of electricity make it difficult for residents to get information, including about possible evacuation routes. Many are also afraid to use mobile phones because Russian soldiers routinely check them at checkpoints.</p><p>Leaving occupied areas often requires residents to travel through Belarus before crossing into government-controlled Ukraine. Ukrainian civilians holding Russian internal passports can enter Belarus but reportedly need Russian international travel passports to leave Belarus and continue to government-controlled Ukraine. All residents interviewed said that they had to conceal their Ukrainian passports when traveling.</p><p>Men face additional risks because obtaining Russian documents may expose them to forced conscription into Russian forces. Compelling civilians in occupied territory to serve in the forces of a hostile power violates international humanitarian law and is a war crime.</p><p>One resident who fled Oleshky in March described applying for a Russian passport as a trap: “They immediately send you to the military enlistment office. And then you risk mobilization [into the Russian army].”</p><p>Some residents said relatives and neighbors remained because they lacked the money to travel, feared they would have nowhere to go, or believed Ukrainian state support for internally displaced people would be insufficient.</p><p>Russia and Ukraine have been in discussions over a potential pause in hostilities to enable civilians to evacuate. Both parties should abide by their obligations under international law and provide safe and voluntary passage for civilians who want to leave areas affected by hostilities. Russian occupation authorities should not arbitrarily prevent civilians from leaving, nor condition their departure on acquiring a Russian passport or other documents, or put Ukrainians at risk of forced conscription.</p><p>Both Russian and Ukrainian forces should immediately cease using antipersonnel mines and other victim-activated explosive devices and take all feasible measures to protect civilians from mines and explosive remnants of war, including by issuing effective warnings, sharing information about contaminated areas, and providing mine-risk education.</p><p>“Civilians in the occupied Khersonska region should be allowed to leave safely if they wish to do so,” Gorbunova said. “Those who remain should have access to humanitarian assistance, including the food, medicine, and basic services they need to survive.”</p>",
        "link": "https://www.hrw.org/news/2026/07/09/ukraine-civilians-trapped-in-occupied-khersonska-region",
        "place": "russia",
        "severity": 8,
        "scraped_at": "2026-07-14T17:13:15.914002+00:00"
      }
    },
    {
      "type": "Feature",
      "geometry": {
        "type": "Point",
        "coordinates": [
          105.3188,
          61.524
        ]
      },
      "properties": {
        "id_hash": "48adf6f6f03c55c60b1f99ddd67f502ae9cc7b512e2ed8e613753e9e3f483790",
        "title": "Georgia: New Laws Devastate Independent Civic Groups",
        "summary": "Click to expand Image\n          \n\n\n\n  \n        \n  \n\n        \n                      \n      \n        \n              Protesters gather outside the Georgian parliament in Tbilisi, Georgia, on May 26, 2026.\n                    © 2026 Sebastien Canaud/NurPhoto via AP Photo\n          \n    \n\n\n  \nGeorgian authorities are using repressive laws, funding restrictions, and politically motivated criminal investigations to dismantle independent civil society.&nbsp;New laws place virtually all foreign funding under strict government control, impose stigmatizing “foreign agent” labels, and threaten activists and independent groups with severe fines and prison sentences.The government should repeal these unjustifiable legal measures and allow independent groups to operate free from undue interference. Georgia’s international partners should step up their response by increasing the costs of repression, including through sanctions, and urgently expanding support for independent groups.&nbsp;<p>(Berlin, July 9, 2026) –&nbsp;Georgian authorities’ use of increasingly repressive laws and politically motivated criminal investigations is decimating independent civil society and silencing critical voices, Human Rights Watch said today.</p><p>Since 2024, Georgia’s ruling party has adopted laws that impose stigmatizing registration requirements, invasive state oversight, funding restrictions, and criminal penalties on nongovernmental organizations, individuals, and media outlets receiving foreign funding. The authorities have also launched investigations into activists and rights defenders for providing information to international organizations and foreign media and frozen the bank accounts of prominent civic groups under a dubious criminal investigation following protests in 2024.</p><p>“The Georgian government’s goal has been to suppress critical voices and dismantle the country’s vibrant independent civil society, and it is making frightening progress,” said&nbsp;Hugh Williamson, Europe and Central Asia director at Human Rights Watch. “The authorities are creating a system in which independent groups cannot operate safely, sustain funding, or support the communities that need and have relied on them.”</p><p>Human Rights Watch interviewed 15 Georgian activists, lawyers, and leaders of nongovernmental groups, who described how the deeply hostile environment has created a severe chilling effect leading, among other things, to self-censorship, staff departures, financial collapse, and a growing reluctance among some communities to seek assistance from such groups. Human Rights Watch also analyzed new laws and related legal documents and wrote to officials requesting information about their implementation. We received partial information from the State Audit Office and several data points from the Government of Georgia.</p><p>The&nbsp;Transparency of Foreign Influence Law, adopted in 2024, requires nongovernmental groups and media receiving more than 20 percent of their funding from abroad to register as organizations “serving the interests of a foreign power.” It grants sweeping powers to the Justice Ministry to demand extensive information, including sensitive data about an organization’s employees, its beneficiaries, and others.</p><p>In April 2025, parliament adopted a separate Foreign Agents Registration Act, which could cover virtually any organization cooperating with international donors or sharing even the most routine information with foreign partners. Its vague and overly broad definitions give the authorities wide discretion to apply the law arbitrarily against independent groups and individuals. Those deemed foreign agents must register, submit detailed reports on their activities, finances, and beneficiaries, and mark all their materials with the “foreign agent” label. The law imposes criminal liability for even minor violations of its requirements, with penalties of up to five years in prison.</p><p>Amendments to the Law on Grants place foreign funding under direct government control, require foreign donors to obtain prior government approval before issuing grants, and make it a criminal offense to receive foreign funding without authorization. Penalties include up to&nbsp;six years in prison. A government decree&nbsp;requires foreign grants to align with government policies, effectively excluding projects that do not conform to government-defined priorities or challenge government plans in any way. These requirements apply retroactively and cover consultancy contracts with foreign entities involving activities that could influence Georgia’s domestic or foreign policy, as well as organizations registered abroad whose work substantially relates to Georgia.</p><p>Human Rights Watch is aware of several cases in which authorities rejected proposed foreign grants, including a UK Embassy-funded project to support four Georgian organizations monitoring the 2025 municipal elections and a donor request to fund an LGBT rights organization’s healthcare and harm reduction services for marginalized communities.</p><p>The authorities have also used criminal investigations to target independent groups. In March 2025, they opened a sweeping criminal investigation alleging that protests that began in late 2024 against the foreign influence law involved efforts to “sabotage” the state. The investigation also concerns alleged assistance to foreign actors engaged in “hostile activities,” including spreading “false information” about Georgia to trigger sanctions and “weaken the country’s international standing.”</p><p>As part of the investigation, in 2025 authorities froze the bank accounts of 12 independent groups, paralyzing their work. One prominent group said that, among the repressive measures adopted since 2024, “the asset freezing was the most severe for us.” The group had secured sufficient funding to operate until the end of 2026 but could not access those funds.</p><p>A late-2025 unpublished study by the Social Justice Center, based on interviews with 100 civil society representatives, found that 96 percent of surveyed organizations reported acute financial difficulties, and 94 percent had reduced their activities, with many scaling back to core functions or ceasing operations altogether.</p><p>The new restrictions forced the Georgian Young Lawyers’ Association (GYLA), one of the country’s leading legal defense organizations, to suspend free legal aid. Regional organizations have been especially hard hit. Of 114 community organizations active in 2024,&nbsp;only 37 remained operational in 2025, with many nearing closure.</p><p>The new laws have also raised serious privacy concerns. A disability rights activist said his group considered registering under the foreign influence law but stopped after seeing that the Justice Ministry required personal and medical data concerning beneficiaries. “We had no legal right to disclose such information,” the representative said.</p><p>Organizations also reported growing self-censorship, especially among groups working on the rights of LGBT people. The director of the queer feminist media platform Grlz Wave said the organization had “shift[ed] to a regime of self-censorship,” particularly on queer issues.</p><p>The Organization for Security and Co-operation in Europe (OSCE) and the&nbsp;Council of Europe have concluded that the laws impose unjustified restrictions on fundamental freedoms, are incompatible with human rights standards, and risk stigmatizing and harassing civil society organizations.</p><p>Georgia’s international partners should further increase the costs to the Georgian authorities of continuing these repressive measures. Any diplomatic engagement with the government should make the full repeal of repressive laws a central criterion for progress. The EU and its member states should also advance accountability for serious human rights violations by reaching the unanimity required to impose EU-level targeted sanctions, including against officials responsible for proposing and implementing repressive laws. Georgia’s international partners should also urgently expand flexible, emergency, and long-term support to independent civil society and human rights groups, including those operating under restrictive conditions or from exile, Human Rights Watch said.</p><p>“The Georgian authorities should stop treating independent civic work as a threat,” Williamson said. “They should repeal these repressive laws, end politically motivated investigations against independent groups, unfreeze organizations’ assets, and restore conditions necessary for civil society to operate freely and safely.”</p><p>For additional details, please see below.</p><p>Restrictive Legislation&nbsp;</p><p>Transparency of Foreign Influence Law</p><p>The ruling party first introduced the draft Law on Transparency of Foreign Influence in parliament in March 2023 but withdrew it following widespread protests and international criticism. The government&nbsp;reintroduced and adopted the law in spring 2024.</p><p>The law defines a “foreign power” to include foreign governments, foreign citizens, and any organization not established under Georgian law. It requires nongovernmental organizations and media outlets receiving more than 20 percent of their annual income from a “foreign power” to register as&nbsp;“serving the interests of a foreign power” and to submit detailed annual reports about their income, expenditures, and funding sources. The law designates independent groups as acting in foreign interests solely due to foreign funding.</p><p>Organizations that fail to register or file the annual financial declaration face annual fines of GEL 25,000 (approximately US$9,330), with additional fines for failing to provide requested information in full. The Justice Ministry may demand access to an organization’s records, including sensitive personal data. It may also unilaterally register organizations as serving the interests of a foreign power.</p><p>According to Georgia’s National&nbsp;Statistics Office, as of January 1, 2026, 3,987 noncommercial organizations were active in Georgia, of which 385 had&nbsp;registered as “serving the interests of a foreign power.” According to a&nbsp;report by an expert appointed by the OSCE, as of February 20, 2026, the authorities had not fined any organizations refusing to register.</p><p>Representatives of independent civil society organizations who spoke with Human Rights Watch said they refused to register because they considered the label unfair, degrading, and stigmatizing. One representative of an organization that ultimately registered described the decision as “emotionally devastating.”</p><p>The&nbsp;Venice Commission, the Council of Europe’s advisory body on constitutional and legal matters, the Council of Europe&nbsp;Commissioner for Human Rights, and the&nbsp;OSCE Office for Democratic Institutions and Human Rights concluded that the law imposes unjustified restrictions on fundamental freedoms, is incompatible with human rights standards, and risks stigmatizing and harassing civil society organizations. The&nbsp;Venice Commission also found that the restrictions on the rights to freedom of expression, association, and privacy fail to satisfy “the requirements of legality, legitimacy, necessity in a democratic society and proportionality....”</p><p>Foreign Agents Registration Act</p><p>In April 2025, Georgia’s parliament adopted the Foreign Agents Registration Act. The bill’s&nbsp;explanatory note stated that the earlier foreign influence law had failed because most groups with foreign funding refused to register, implying that stronger sanctions were therefore needed. Both laws remain in force. The foreign agents law imposes broader restrictions and significantly harsher sanctions. An individual or legal entity can be designated as a “foreign principal’s agent” if they act under the direction, request, control, or financing of a foreign principal, and engage in activities deemed to advance that principal’s interests in Georgia.</p><p>The law defines such activities broadly enough to include efforts to influence government institutions or public opinion on domestic or foreign policy, as well as sharing information with international partners about developments in Georgia related to democracy, human rights, or the rule of law.</p><p>Individuals or organizations meeting these criteria must register as foreign agents and submit detailed reports about their activities, finances, and beneficiaries, with updates every six months or more frequently if requested. They are also required to label all informational materials as produced by a foreign agent.</p><p>The law granted sweeping powers to the Anti-Corruption Bureau to investigate organizations and individuals and demand extensive information concerning compliance with the law, regardless of whether they have been designated as “foreign agents.” Noncompliance can result in court orders to cease activities and criminal penalties, including imprisonment for up to five years. It authorized the bureau to unilaterally register individuals and organizations as foreign agents.</p><p>The Anti-Corruption Bureau was also tasked with implementing the Law on Grants. On March 2, 2026, the authorities transferred both mandates to the State Audit Office.</p><p>Georgia’s civil society groups and international partners widely condemned the law. The&nbsp;Venice Commission and the&nbsp;OSCE expert report noted that the legislation relies on vague and overly broad definitions, stigmatizes civil society, and poses serious risks to democratic freedoms, civic space, and the rule of law, and called for its repeal.</p><p>Amendments to the Law on Grants</p><p>Amendments adopted in April 2025 required foreign donors to obtain government approval before awarding grants, and penalized organizations that accept a foreign grant without authorization with fines equivalent to double the amount received. A subsequent government&nbsp;decree made approval conditional on foreign grants aligning with “the government’s program, key strategic documents, and the state’s interests.”</p><p>Further amendments adopted in June 2025 expanded the definition of a “grant” to include various forms of technical and expert assistance.</p><p>The law authorized the Anti-Corruption Bureau to demand financial, project-related, and personal information from civil society organizations, third parties, and public institutions, and to compel individuals to appear for questioning before a magistrate judge. Organizations receiving foreign grants without government approval could face fines and asset freezes.</p><p>Further&nbsp;amendments adopted in March 2026 sharply tightened these restrictions and introduced criminal penalties, including imprisonment for up to six years. They also expanded the definition of foreign donors to include foreign individuals and barred employees of organizations deemed to “pursue the interests of foreign powers” from membership in political parties for eight years. Notably, the amendments apply retroactively.</p><p>Human Rights Watch is aware of several instances in which the authorities did not approve foreign grants. One involved a project funded by the Embassy of the United Kingdom in Georgia to support four Georgian groups to monitor the 2025 municipal elections. In June 2025, the parliamentary chair, Shalva Papuashvili, publicly criticized the project,&nbsp;claiming the embassy was “funding extremism, hatred, and propaganda in Georgia.”</p><p>The government also denied approval for a grant supporting an LGBT rights organization’s healthcare and harm reduction project for marginalized communities. The group’s director told Human Rights Watch that the authorities provided no explanation for the rejection.</p><p>Current regulations do not require the authorities to provide detailed reasons for refusing to approve grants, increasing the risk that they will use the approval mechanism selectively against organizations and projects they consider undesirable.</p><p>Georgia’s prime minister informed the&nbsp;OSCE expert that the government approves grants that have no “political content.” In a June 22, 2026 letter to Human Rights Watch, the Georgian government reported that, between April 2025 and June 2026, it had received 222 grant applications with a combined value of approximately GEL 109 million. Of these, 177 applications, worth more than GEL 60 million, had been approved; 10 had been rejected; and 35, worth more than GEL 44.2 million, remained under review.</p><p>The government did not respond to Human Rights Watch’s questions about the types of projects approved or rejected, or the grounds for individual rejections. It said applications were assessed individually for their alignment with national interests, the government’s main strategic documents, the proposed use of funds, and expected results. However, it did not explain in greater detail how these broad criteria are applied in practice.</p><p>Enforcement of the Anti-NGO Laws</p><p>In June 2025, eight prominent civil society organizations received almost identical court orders granting the Anti-Corruption Bureau’s motions and requiring the organizations to submit to the Bureau extensive legal, financial, technical, and personal information. The bureau’s head&nbsp;stated that these inspections sought to assess the “purpose” of these groups’ activities, alleging that “wealthy NGOs, hiding behind good deeds, avoid transparency and engage in undeclared political activity.”</p><p>Later that summer,&nbsp;at least seven organizations&nbsp;received letters from the Anti-Corruption Bureau demanding an explanation for not registering as foreign agents and warning them they risked incurring criminal liability. Representatives of five of these organizations said they responded with detailed legal arguments explaining why the law did not apply to their activities. They received no response.</p><p>From September 2025 onward, the Anti-Corruption Bureau initiated monitoring and issued information requests to&nbsp;approximately 100 organizations under the grants law. The bureau demanded extensive information covering an 18-month period in 2024 and 2025, including personal data about beneficiaries and third parties. Dozens of organizations unsuccessfully&nbsp;challenged the requests in court.</p><p>As of December 2025, the “foreign agents” registry listed 12 “foreign principals,” and 12 “foreign agents.” Civil society representatives interviewed by Human Rights Watch said they had refused to register because they considered the label degrading and rejected the premise that they operated under the control of foreign donors. They emphasized that their organizations acted independently and set their own priorities, strategies, and principles.</p><p>After responsibility for enforcing the grants law was transferred from the Anti-Corruption Bureau to the State Audit Office, the latter opened monitoring proceedings against one organization. The State Audit Office informed Human Rights Watch that the proceedings remained pending as of June 1.</p><p>Instrumentalization of Criminal Justice against Civil Society</p><p>Investigation into Alleged Sabotage</p><p>Georgian authorities have also used a wide-ranging criminal investigation alleging that protests involved sabotage against the state, as a pretext to target prominent civil society organizations, freeze their bank accounts, and paralyze their operations.</p><p>The investigation, opened in February 2025, concerns the ongoing demonstrations that began in 2024 against the foreign influence law. The authorities alleged that protesters damaged police infrastructure, injured law enforcement officers, and disrupted parliament, and characterized these acts as sabotage.</p><p>The investigation also concerns alleged assistance to foreign actors engaged in supposedly “hostile activities,” including deliberately spreading false information about Georgia to trigger foreign sanctions and damage the country’s international standing. No civil society organization or its representative has been charged in connection with the investigation.</p><p>In March 2025, as part of this investigation, the authorities&nbsp;froze the bank accounts of five independent groups: Human Rights House Tbilisi, Shame Movement, Nanuka’s Fund, Prosperity Georgia, and Fund for Each. The authorities alleged that legal and financial assistance these groups provided to protesters, including, in some cases, paying protest-related fines, constituted unlawful activity.</p><p>The groups began providing this assistance after the authorities sharply increased penalties for assembly-related offenses and began arbitrarily imposing&nbsp;harsher sanctions on demonstrators. The then-leader of the parliamentary majority&nbsp;publicly claimed that paying protesters’ fines amounted to “encouraging and facilitating violence” and undermining the state.</p><p>In August 2025, authorities&nbsp;froze the accounts of seven more organizations: International Society of Fair Elections and Democracy, Institute for Development of Freedom of Information, Georgian Democracy Initiative, Union Sapari, Social Justice Center, Civil Society Foundation, and Democracy Defenders.&nbsp;Officials claimed the groups had used project funds to support demonstrators who committed “violent acts” against police.</p><p>A representative of one of the affected organizations said that a judge justified freezing funds on the grounds that the group had purchased “30 gas masks and protective goggles, as well as several flags.” The representative said the items were intended to protect staff members who were monitoring or peacefully attending protests.</p><p>The authorities also initiated legal action against individuals for sharing information concerning alleged human rights violations with foreign media outlets and international organizations.</p><p>Additional Investigation into ‘Hostile Activities’</p><p>In December 2025, the State Security Service started an investigation related to&nbsp;BBC reporting that the police used toxic agents during demonstrations. On suspicion of facilitating the hostile activities of a foreign power, the authorities summoned for questioning human rights defenders and others featured in the report who had described the alleged incidents.</p><p>In April 2026, the State Security Service questioned&nbsp;Ucha Nanuashvili, Georgia’s former public defender and current head of Democracy Research Center, a civil society organization, solely for providing information about Georgia’s human rights situation to the OSCE expert. Nanuashvili said that the questioning primarily focused on his human rights work. Law enforcement authorities also required him to sign a non-disclosure agreement preventing him from publicly discussing details of the interrogation.</p><p>Risk of False Money Laundering Charges</p><p>Another criminal investigation, opened in 2024, illustrates how authorities could use financial crime allegations to target independent groups and researchers critical of the government. In October 2024, police raided the homes of Sopo Gelava and Eto Buziashvili, researchers with the Atlantic Council’s Digital Forensic Research Lab.</p><p>The researchers’ work included analysis of Russia’s online influence operations targeting Georgia and other countries. The searches were part of&nbsp;an investigation into alleged fraud, money laundering, and tax evasion. During the raids, officers seized computers and other electronic devices, and a court froze the researchers’ bank accounts. Both women subsequently relocated abroad.</p><p>In January 2026, Georgia’s parliament amended the criminal code’s money laundering provision to introduce an aggravating circumstance for laundering funds connected to political activity, punishable by 9 to 12 years in prison. Since the authorities can treat foreign funding received without government approval as illicit income, organizations attempting to circumvent restrictions imposed by the grants law risk prosecution for money laundering.</p><p>Excluding and Discrediting Civic Groups</p><p>Legislative amendments adopted in April 2025 excluded civil society organizations from policy-making and other public processes in which they had long participated. The amendments abolished certain governmental mechanisms requiring consultation with nongovernmental organizations. The bill’s&nbsp;explanatory note claimed civic groups’ involvement “in public decision-making hinders the effective functioning of the state.”</p><p>Some organizations reported that efforts to discredit and marginalize independent groups intensified in 2023, after they publicly opposed the government’s initial attempts to introduce the foreign influence law. Government agencies reduced or abandoned cooperation with nongovernmental organizations on activities previously carried out jointly. Regional organizations said that local authorities discouraged community members from attending trainings and meetings organized by independent groups, and that defamatory narratives about their staff increasingly circulated locally.</p><p>Organizations working nationwide, particularly on elections, judicial reform, corruption, and other politically sensitive issues, said hostile rhetoric against civil society has gradually become normalized. Government officials and pro-government media frequently portray nongovernmental organizations as politically biased and controlled by foreign interests.</p><p>Although such rhetoric had existed for years, it&nbsp;intensified significantly in spring 2024, with coordinated smear campaigns on social media and public spaces, including posters labeling civil society leaders “foreign agents” and “enemies of the church.” Several organizations also reported vandalism targeting their offices, and attacks on the homes and vehicles of civil society leaders. Law enforcement responses were largely&nbsp;ineffective.</p><p>Pro-government media&nbsp;portrayed these incidents as spontaneous expressions of&nbsp;public anger toward civic groups.&nbsp;A ruling party member publicly described the vandalism as a “response” to the organizations’ activities and published footage showing the vandalism of several offices.</p><p>The authorities have also used&nbsp;homophobic rhetoric to delegitimize independent organizations by portraying them as promoters of “LGBT propaganda” and opponents of traditional values. The September 2024 law banning so-called&nbsp;LGBT propaganda further marginalized LGBT rights issues from public discourse and restricted access to essential healthcare services for transgender people.</p><p>Impact on Civil Society Organizations</p><p>The new laws and other measures have made it practically impossible for independent groups to operate sustainably, secure funding, and assist beneficiaries with the assurance that their personal data will not be disclosed.</p><p>Funding Restrictions</p><p>According to the&nbsp;GYLA, of the 136 organizations that jointly lodged an application with the European Court of Human Rights concerning the foreign influence law, only 3 registered under the law. Most either suspended their activities altogether or significantly scaled them down. Of these, 109 reported difficulty securing funding or an inability to do so; 97 said they had reduced staff or that all staff had left; and 62 said they had been targeted by propaganda and disinformation campaigns. An unpublished study by the Social Justice Center documented similarly severe effects.</p><p>The restrictions also affected donor decisions. According to the OSCE expert’s&nbsp;report, after the adoption of the grants law, numerous donors halted direct financial support for Georgian groups, reducing both the scope and capacity of their work.</p><p>Organizations interviewed by Human Rights Watch described the concrete impact of these restrictions. To avoid drawing unwanted government attention, Knowledge Café, which runs a multifunctional community space and promotes civic awareness, said they felt compelled to refuse donor funding for cultural diversity activities, and also rejected equipment from a foreign donor for workshops on computer programming and robotics.</p><p>After the 2026&nbsp;amendments to the grants law, GYLA had to suspend free legal aid, as it was forced to significantly reduce staff and redirect its remaining resources to strategic litigation.</p><p>The reduction of certain work by larger organizations significantly affects smaller community-based groups. Aslan Chanidze, head of the House of Free Journalists in Adjara, said that closing GYLA’s Batumi office left smaller groups more exposed, especially without the organization’s consistent legal support. Disability rights organizations expressed similar concerns. A disability rights activist, Koba Nadiradze, said that, even if community groups manage to survive, their effectiveness will be severely limited without strong legal and human rights expertise.</p><p>Financial pressures have been especially acute for regional organizations, which often have a narrower focus and depend heavily on specific donors or cooperation with local authorities. The&nbsp;Centre for Strategic Research and Development of Georgia, a nongovernmental organization, found that of 114 community organizations active in 2024, only 37 remained operational in 2025, with many nearing closure.</p><p>Organizations have also had to spend dwindling resources for legal and other services to cope with the new laws. The director of an organization that made what they described as “probably [our] … most difficult and nightmarish decision” to register under the foreign influence law, said they paid a law firm US$400 per month for compliance assistance.</p><p>The Grlz Wave director said the organization paid a lawyer $2,000 to respond to the Anti-Corruption Bureau’s demand for information, even as it declined new funding and returned money to several donors to avoid falling within the scope of the foreign agents law.</p><p>Privacy Concerns</p><p>The new laws’ disclosure obligations have raised serious privacy concerns among organizations, staff, and beneficiaries. The&nbsp;OSCE expert’s report said that “a significant number” of employees and collaborators resigned from organizations that could fall under the new laws because of the risk that their private information might be disclosed.</p><p>Several people described their concerns about government access to sensitive personal data. One disability rights activist said his organization decided not to register under the foreign influence law because the Justice Ministry required personal and medical data concerning beneficiaries. “We had no legal right to disclose such information,” the activist said.</p><p>Another disability rights activist said that organizations can no longer “guarantee potential beneficiaries that their medical or other personal data will not become a matter of governmental interest,” causing some people to avoid seeking support.</p><p>Self-Censorship and Silencing</p><p>Organizations reported increasing self-censorship and fear of criminal prosecution against their leaders and staff. Groups working on LGBT rights described the pressure as especially acute.</p><p>The Grlz Wave director said, “We had to shift to a regime of self-censorship,” particularly on queer issues. “It is now extremely difficult to find respondents willing to appear in videos on LGBT topics. Even openly out individuals refuse visibility.”</p><p>Organizations have also curtailed broader programmatic work. The director of a group providing social and healthcare services to vulnerable communities said that “self-censorship was one of the most severe effects.” The organization suspended all cooperation with the government and halted its advocacy work, including a planned 2025 public awareness campaign on sex education, because of the risk that authorities could invoke the “LGBT propaganda” law or the foreign agents law.</p><p>Chilling Effect and Exclusion</p><p>Several group leaders noted that the government’s hostile rhetoric and restrictive laws have chilled public engagement with civil society organizations and reduced access to services.</p><p>Iza Bekauri, executive director of the Kakheti Regional Development Foundation, said that after the organization publicly criticized the “foreign agents” law, the municipality refused to renew its lease for state-owned premises housing the group’s educational centers. In February 2026, the organization was forced to vacate the premises, effectively halting programs that had served about 1,000 people annually, including vocational education for women and refugees, support for writing grant applications, and providing social and economic support to women.</p><p>Bekauri also said beneficiaries had become increasingly reluctant to engage with the organization, and that teachers feared their participation in training programs would become publicly known.</p><p>The director of Knowledge Café said teachers who had previously participated actively in the organization’s programs now avoided them, while fake social media accounts urged parents not to send their children to its programs, describing the space as “demonic.”</p><p>Other organizations described the collapse or hollowing out of long-standing cooperation with state agencies. “In previous years we were actively involved in expert revision of school textbooks and cooperated with the Health Ministry in combating various diseases,” one respondent said. “Today these forms of cooperation are practically abolished.”</p><p>Pressure on/from Family Members</p><p>The repressive legislation affected not only civil society activists personally, but also their families. A majority of those interviewed said that during the 2024 smear campaigns, their relatives, including parents and young children, received threatening calls from unknown people. The callers urged family members to ensure that their politically active relatives stopped participating in protests or criticizing the government, ostensibly for their own safety.</p><p>A representative of Grlz Wave said that even in the absence of direct threats from third parties, pressure from concerned family members had become a significant source of stress. “Parents constantly fear that we will encounter problems and urge us to stop and to protect ourselves,” she said. “Often, more than the risks directed at me personally, I fear how my loved ones will experience these events.”</p>",
        "link": "https://www.hrw.org/news/2026/07/09/georgia-new-laws-devastate-independent-civic-groups",
        "place": "russia",
        "severity": 4,
        "scraped_at": "2026-07-14T17:13:15.920732+00:00"
      }
    },
    {
      "type": "Feature",
      "geometry": {
        "type": "Point",
        "coordinates": [
          15.3424196,
          -4.3196982
        ]
      },
      "properties": {
        "id_hash": "2cacd11ba1195ec3678cf7b2ce0c9c082f97ee99f972a25b8dbe48cf6e59b4c3",
        "title": "DR Congo: Crackdown on Protesters",
        "summary": "Click to expand Image\n          \n\n\n\n  \n        \n  \n\n        \n                      \n      \n        \n              Security forces disperse protesters near the parliament building in Kinshasa, Democratic Republic of Congo, June 12, 2026.\n                    © 2026 Aristote Lokinda/Reuters\n          \n    \n\n\n  \n<p>(Kinshasa) – Security forces in the&nbsp;Democratic Republic of Congo used excessive force against protesters demonstrating against a proposed law that could extend&nbsp;President Félix Tshisekedi’s term on June 12, 2026, Human Rights Watch said today.</p><p>The security forces used tear gas and batons in the capital, Kinshasa, to prevent a group of protesters created to defend the existing constitution from attending a sit-in in front of the parliament building. They also failed to protect members of the group from assault by a group linked to the main ruling party.</p><p>“Congolese security forces used unnecessary force against people who tried to exercise their right to criticize proposed changes to the constitution,” said&nbsp;Ashwanee Budoo-Scholtz, deputy Africa director at Human Rights Watch. “Instead of protecting the demonstrators, security forces instigated violence and left protesters vulnerable to assault by a pro-ruling party group.”</p><p>Between June 12-22, Human Rights Watch interviewed 38 people, including 15 from Article 64 Coalition for the defense of the constitutional order (Coalition Article 64, or C64) who were injured on June 12 and 7 from Force of Progress (Force du Progrès), a group&nbsp;linked to the main ruling party, Union for Democracy and Social Progress (Union pour la Démocratie et le Progrès Social, or UDPS).</p><p>On June 11, the Kinshasa governor rejected an application from C64 to hold a sit-in in front of the parliament building, the Palace of the People (Palais du Peuple), and provided an alternative venue. The C64 members rejected this proposal. While the&nbsp;Constitution guarantees the right to peaceful assembly,&nbsp;the law on demonstrations empowers the authorities to prevent or disperse a meeting if it is a threat to public order and security.</p><p>Those interviewed said that on June 12, at about 10 a.m., Force of Progress members attacked the offices of several opposition political parties within the C64.</p><p>Human Rights Watch verified and geolocated videos showing members of Action for Democracy and Development in Congo (Action pour la Démocratie et le Développement au Congo) defending their headquarters against Force of Progress members. Images also show debris, broken glass on the building’s floor, and a visibly injured woman in the office of the Alliance for Change (Alliance pour le Changement), and damage to the headquarters of the Innovative Forces for Unity and Solidarity (Forces Novatrices pour l’Union et la Solidarité).</p><p>Seven Force of Progress members interviewed said that main ruling party members told them to mobilize their supporters to prevent the sit-in. “We held the last meeting on the afternoon of Wednesday before the demonstration date [June 10] in Limete [10th Rue, Kinshasa] during which two of our party leaders clearly instructed us to target opposition leaders and their parties,” one said.</p><p>“They [party members] promised to give us money if we disrupted the demonstration,” said a Force of Progress member. “Many young people join the group because of the opportunities for informal jobs,” another one said.</p><p>At around noon, C64 members gathered at the headquarters of the opposition party Commitment for Citizenship and Development Party (Engagement pour la Citoyenneté et le Développement, or ECiDé) on Triomphal Boulevard, then headed toward the parliament building.</p><p>Protesters said that the police set up three barricades close to the “Robot roundabout” in front of the building. As protesters approached the second barricade, the police threw tear-gas canisters and fired tear gas at them. Members of a task force comprising a special unit of the Congolese army, the&nbsp;Republican Guard, and the intelligence services were also present, protesters said.</p>\n\n\n\n      \n\n\n  \n  \n\n\n\n\n  \n          \n                    \n\n\n\n                  \n          Click to expand Image\n          \n\n\n\n  \n        \n  \n\n        \n                      \n      \n        \n              Graphic\n                    © 2026 Human Rights Watch\n          \n    \n\n\n  \n<p>Protesters said that their march was peaceful until they reached the police barricades. “We raised our hands in the air as a sign of non-violence,” one said.</p><p>“While walking along Triomphal, I heard a loud noise, felt my leg go heavy, and fell, and discovered that my foot was bleeding profusely,” said a protester who was struck by a tear-gas canister.</p><p>Protesters said that Force of Progress members joined the security forces and threw stones and bottles at them, some filled with urine. They said they could identify the assailants as Force of Progress because they openly expressed their affiliation during the attacks. Two people said they recognized specific Force of Progress members because they had worked with them previously. Human Rights Watch also verified a&nbsp;video showing two men in civilian clothing expressing support for the Force of Progress alongside other men throwing stones and police throwing tear-gas canisters.</p><p>Witnesses said that some protesters retaliated by&nbsp;throwing stones at the security forces and Force of Progress members.</p><p>Many C64 members said they managed to seek safety at the ECiDé headquarters, but security forces and Force of Progress members followed them there and continued attacking them.</p><p>Both witness accounts and video evidence confirm a security forces and Force of Progress assault against the ECiDé headquarters while politicians and injured protesters were trapped inside. In a&nbsp;video verified by Human Rights Watch, police officers stand by as Force of Progress members throw projectiles toward the headquarters and try to force open its main gate. The video also shows a security force member throwing an apparent tear-gas canister over the headquarters’ wall.</p><p>A&nbsp;video Human Rights Watch verified and geolocated shows a security force member firing a tear-gas canister at short range against the building.</p><p>Human Rights Watch documented injuries to more than a dozen protesters, including opposition leaders Martin Fayulu, Delly Sesanga, Jean-Marc Kabund, and Ados Ndombasi.</p><p>Security forces also arrested and detained several dozen protesters, according to the&nbsp;National Human Rights Commission.</p><p>Congolese authorities&nbsp;denounced the violence, with the&nbsp;justice minister and the National Human Rights Commission interviewing C64 members to establish the facts. On June 19, the Prosecutor General’s Office at the Court of Cassation (the final court of appeal in Congo) announced that it&nbsp;had opened an investigation into the incident.</p><p>On June 22, UDPS&nbsp;filed a complaint with the Court of Cassation seeking the initiation of legal proceedings against individuals for using the party’s name, particularly those it accused of posing as Force of Progress, to commit abuses.</p><p>On July 3, the party’s secretary general, Augustin Kabuya, told Human Rights Watch that the party had never sent anyone to commit violence, and that a&nbsp;fake Force of Progress is tarnishing the party’s name.</p><p>The United Nations&nbsp;Basic Principles on the Use of Force and Firearms by Law Enforcement Officials state that security forces shall “apply non-violent means before resorting to the use of force.” In the dispersal of assemblies that are unlawful but nonviolent, law enforcement officials avoid the use of force or “restrict such force to the minimum extent necessary.”</p><p>“The Congolese government’s investigation into the June 12 crackdown is a positive step, but it needs to be independent and impartial to ensure accountability,” Budoo-Scholtz said. “Those responsible should be held to account irrespective of political party affiliation to show that justice can prevail over politics.”</p>",
        "link": "https://www.hrw.org/news/2026/07/09/dr-congo-crackdown-on-protesters",
        "place": "Kinshasa",
        "severity": 4,
        "scraped_at": "2026-07-14T17:13:16.926545+00:00"
      }
    },
    {
      "type": "Feature",
      "geometry": {
        "type": "Point",
        "coordinates": [
          31.0601584,
          -17.8567035
        ]
      },
      "properties": {
        "id_hash": "e3a1a6b4a525a028f6ea76214a18c904b9860235f0ec0f8d47c5db8f161ebed9",
        "title": "Zimbabwe Constitution Amended to Extend President’s Term",
        "summary": "Click to expand Image\n          \n\n\n\n  \n        \n  \n\n        \n                      \n      \n        \n              The ZANU PF headquarters in Harare a day after Zimbabwe President Emmerson Mnangagwa signed Amendment Bill No. 3 into law, amending the Constitution, July 8, 2026.\n                    © 2026 Jekesai Njikizana/AFP via Getty Images\n          \n    \n\n\n  \n<p>Zimbabwe’s President Emmerson Mnangagwa signed a&nbsp;law on July 7 amending the constitution to extend presidential terms from five to seven years. The amendment,&nbsp;approved by parliament last month, also abolishes the election of the president by popular vote and establishes a parliamentary method for selecting the president.</p><p>Zimbabwe’s&nbsp;2013 Constitution limited the term of a president to a maximum of two five-year terms, which would require President Mnangagwa to step down in 2028. The new law effectively keeps him in office for an additional two years and postpones the 2028 elections until 2030.</p><p>The constitutional amendment followed a&nbsp;resolution in October 2025 by the ruling ZANU PF party. The party said an extension of Mnangagwa’s rule was necessary “to ensure continuity, stability and the sustained transformation of the nation.”</p><p>Human Rights Watch documented attacks and arbitrary arrests against&nbsp;civil society groups, opposition political parties,&nbsp;student leaders, and&nbsp;activists opposed to the proposed constitutional amendment.</p><p>After assuming power in a&nbsp;military coup in 2017, Mnangagwa was&nbsp;elected president in 2018 and&nbsp;reelected in 2023. He had previously&nbsp;stated that he was a “constitutionalist” who would “abide by the provisions of [the] constitution to the letter.”</p><p>Civil society groups raised concerns that the Constitutional Amendment Bill was an attack on the country’s democracy. The Constitutional Defenders Forum&nbsp;mobilized against the bill because it altered protected constitutional structures. Lovemore Madhuku, a prominent lawyer and leader of the National Constitutional Assembly,&nbsp;filed a case at the Constitutional Court to halt the constitutional amendment process. The court&nbsp;dismissed the case on procedural grounds.</p><p>The authorities responded to this opposition by intensifying their&nbsp;crackdown on government critics. Police and unidentified armed men have been reported threatening, harassing, and beating up&nbsp;opposition politicians and&nbsp;civil society leaders, including during&nbsp;public consultation meetings about the proposed amendment. The violence&nbsp;at the public hearings effectively denied people their free expression rights and tainted the constitutional amendment process.</p><p>International human rights law, as stated in article 25 of the&nbsp;International Covenant on Civil and Political Rights, does not mandate the length or number of presidential terms, but it does require citizens to be able to vote for their leaders in genuine periodic elections that reflect the will of the voters. The Mnangagwa administration’s intensified repression of human rights, including during the constitutional amendment process, and the failure to impartially investigate rights violations and ensure accountability for abuses, raises grave concerns about the future of democracy and the rule of law in Zimbabwe.</p>",
        "link": "https://www.hrw.org/news/2026/07/08/zimbabwe-constitution-amended-to-extend-presidents-term",
        "place": "Harare",
        "severity": 2,
        "scraped_at": "2026-07-14T17:13:18.385307+00:00"
      }
    },
    {
      "type": "Feature",
      "geometry": {
        "type": "Point",
        "coordinates": [
          9.400138,
          33.8439408
        ]
      },
      "properties": {
        "id_hash": "1f44ea957c6fab42a86bd1b542eb3ca166c89517398f2c61bdcdbce00f084be4",
        "title": "Sounding the Alarm over Tunisia’s Crackdown",
        "summary": "Click to expand Image\n          \n\n\n\n  \n        \n  \n\n        \n                      \n      \n        \n              People rally calling for the release of political detainees and greater freedom of expression in Tunis, Tunisia, on December 6, 2025.\n                    © 2025 Yassine Gaidi/Sipa via AP Photo \n          \n    \n\n\n  \n<p>At the&nbsp;62nd session of the United Nations Human Rights Council, which closed on July 8, UN experts and civil society expressed deep concern about Tunisia’s intensifying human rights crises. But the continued silence from UN member states all but signalled a free pass for Tunisian authorities to continue escalating their crackdown on civic space.</p><p>Five years after Tunisian President Kais Saied&nbsp;seized extraordinary executive powers, the country’s human rights situation has deteriorated dramatically. The resurgent authoritarianism has translated into&nbsp;systematic repression of&nbsp;civil society,&nbsp;journalists,&nbsp;political opponents, independent&nbsp;lawyers, and&nbsp;migrants, and erosion of the rule of law.</p><p>In May, UN Human Rights Chief Volker Türk&nbsp;called on the Tunisian government to end its repression of “civil society organisations, journalists, human rights defenders, opposition figures, activists and members of the judiciary, through the imposition of criminal proceedings and administrative impediments.” He mentioned Tunisia in his&nbsp;global update to the Council, highlighting how journalists are prosecuted under vague charges. The UN Special Rapporteur on the independence of judges and lawyers, in her presentation to the Council,&nbsp;denounced reprisals against judges “for defending judicial independence through professional associations,” including the conviction of Tunisian&nbsp;Judge Anas Hmedi.</p><p>UN independent experts have similarly condemned the prosecution, sentencing, and conviction of&nbsp;judges,&nbsp;lawyers, and human rights defenders. The UN Committee on the Elimination of Racial Discrimination raised the dangerous situation for sub-Saharan migrants&nbsp;collectively expelled to the Algerian and Libyan borders in life-threatening conditions, resulting in deaths and injuries.</p><p>Human Rights Watch and other groups have documented ongoing human rights violations in Tunisia, including the dire situation for&nbsp;migrants, asylum seekers, and refugees, attacks on&nbsp;judicial independence,&nbsp;freedom of expression, and the press, and the&nbsp;crackdown on civil society, including the recent sentencing of former truth commission president&nbsp;Sihem Bensedrine to 25 years in prison and a heavy fine.</p><p>At the Council session, Tunisian civil society organizations also&nbsp;highlighted the ongoing abuses despite fear of reprisal. But instead of engaging, the government delegation&nbsp;responded aggressively, dismissing their legitimate concerns.</p><p>The alarm has been sounded. Now the Human Rights Council and UN member states should set political expediency aside, break their silence, and publicly condemn the Tunisian government’s repression.</p>",
        "link": "https://www.hrw.org/news/2026/07/08/sounding-the-alarm-over-tunisias-crackdown",
        "place": "Tunis",
        "severity": 2,
        "scraped_at": "2026-07-14T17:13:19.771389+00:00"
      }
    },
    {
      "type": "Feature",
      "geometry": {
        "type": "Point",
        "coordinates": [
          -98.5795,
          39.8283
        ]
      },
      "properties": {
        "id_hash": "8040df2ef21c44ddc033dc066850e18a89246d4b2001ef7f3521abb3377090e3",
        "title": "Sweden: Deportation Decisions Ignore Women’s Rights Risks",
        "summary": "Click to expand Image\n          \n\n\n\n  \n        \n  \n\n        \n                      \n      \n        \n              A demonstration against the deportations of young adults held at Sergels torg in Stockholm on May 10, 2026.\n                    © Susanne Bergsten\n          \n    \n\n\n  \n<p>(Stockholm) – Sweden is deporting young women to countries where they could face severe gender-based rights violations, Human Rights Watch said today. Media reported that in 2025, at least 92 young adults were set to be deported alone, many of them women who grew up in Sweden and have immediate family there.</p><p>Sweden has been deporting an increasing number of young adults who spent years on temporary residence permits tied to a family member, but lost their right to remain in the country when delays and policy changes left them without permanent residency by the time they turned 18. Deporting young women is especially alarming when they are forced back to countries where gender-based violations and entrenched patriarchal norms severely restrict their rights and autonomy.</p><p>“The Swedish government is sending young women to situations where they may have to give up their rights and autonomy just to survive,” said Susanne Bergsten, research assistant at Human Rights Watch. “These deportations disregard well-documented risks of severe gender discrimination, including gender persecution and the daily risks faced by young women living alone in societies with grave social, legal, and financial barriers to women’s independence.”</p><p>These deportations separate families, undermining Sweden’s international and European human rights obligations, and expel young people from the place they call home just as they begin adult life. Sweden should halt these deportations and review all decisions to ensure young adults will be protected from gender-based harm and prioritize solutions that prevent families from being split.</p><p>Human Rights Watch interviewed two people whose residency has been denied, and two legal experts.</p><p>Recent cases illustrate the consequences. Sisters Darya Javid Gonbadi, 24, and Donya Javid Gonbadi, 20, were deported to Iran in October 2025 after seven years in Sweden, while their father, a permanent resident, and younger siblings, Swedish citizens, remained. Ayla Rostamil, 21, also faces deportation to Iran without her family after six years in Sweden. Her case is temporarily on hold due to the ongoing conflict.</p><p>In Iran, women face severe discrimination and violence, including on the basis of laws that deny them equal rights in marriage, divorce, inheritance, and child custody. A UN Fact Finding Mission, established in 2022, found that authorities commit the crime against humanity of gender persecution, denying women and girls fundamental rights, including to bodily autonomy, expression, education, and to employment through compulsory hijab laws. Those who defy or protest face grave consequences, including arbitrary arrest and detention, torture and other ill-treatment, and unlawful killings.</p><p>Nardine Rael Awad, 21, was deported to Egypt on May 16, 2026. She came to Sweden at age 17 with her mother, who is married to a Swede and was not deported. In an interview after her deportation, she said she feared for her safety as a Christian woman who does not wear a hijab, living alone in Egypt. She said she has five locks on her door and is afraid to leave her apartment. “Egypt is a much more male-dominated society, and my life is very restricted” she said.</p><p>Human Rights Watch found in a 2023 report that social norms in Egypt discourage women from living alone, while male guardianship policies restrict women’s travel and mobility. Sexual harassment and violence remain widespread, and Egypt lacks comprehensive domestic violence laws. The country’s Personal status law also creates a disadvantage for women in divorce, inheritance, and child custody. Egyptian authorities have in recent years arrested women who posted online videos, bringing vague charges for violating “public morals,” and “undermining family values.”</p><p>Sisters Diya Hassan, 21, and Kani Hassan, 20, came to Sweden with their family eight years ago. Both graduated from high school and started working. Four years after they arrived, they applied for permanent residency with their parents and younger brother, but their cases were not processed for more than two and a half years. They were both over the age of 18 when they finally received their decisions. “When our parents received their permanent residence permits, we received rejection and deportation decisions on the same day” Diya said. “We didn’t know whether to be happy for them, or sad for us.”</p><p>The sisters face deportation to Iraq, where they have no family or support network. When they raised this concern with the court, the judge said their father in Sweden could support them financially. “It won’t be the same as in Sweden where women can be independent; here both Diya and I work” Kani said. Women’s rights in Iraq are increasingly under threat, with weak legal protections for women. There is no federal domestic violence law, and article 41(1) of the penal code permits a husband to “punish” his wife. The law reduces sentences for crimes committed for so-called honorable motives.</p><p>“You think of Sweden as a country that stands up for women’s rights: I never would have believed that they would send young women back alone to places like Iraq and Iran,” Diya said.</p><p>Sweden once prided itself on its feminist foreign policy. Although the government abandoned it after 2022, the foreign minister says gender equality is a “core value.” Yet current migration decisions seem to disregard the gender-specific harm of deportation, despite guidance from the UN Committee on the Elimination of Discrimination against Women requiring states to consider gender-specific risks throughout the migration process, including return decisions.</p><p>On March 6, the Swedish government said it would pause issuing new “teenage deportation”&nbsp;orders but would carry out the deportations of those who already have decisions. On June 1, the government announced a pathway where young adults can apply for resident permits tied to their parents up to age 21 rather than 18, and those with deportation decisions will be able to reapply.&nbsp;</p><p>While this offers some temporary relief, it only defers the substantive issue until young adults turn 21, and fails to address the core problem that young women will be deported to countries where they will face a real risk of gender-based rights violations, Human Rights Watch said.</p><p>These decisions also raise questions about how the strict prohibition in international law on returning individuals to countries where they face serious risk of inhuman and degrading treatment or torture is being taken into account. The prohibition is reflected in several of Sweden’s treaty obligations including the EU Charter of Fundamental Rights, the European Convention of Human Rights, and the International Covenant on Civil and Political Rights.&nbsp;</p><p>The UN Human Rights Committee interpreted article 7 of the Covenant to include a ban on deportations to the risk of severe gender-based violence or persecution. In addition, separating these young adults from their parents and siblings and social networks raises serious questions under article 8 of the European Convention with respect to the right to family and private life.</p><p>Swedish authorities should immediately halt these deportations and ensure that all return decisions are in line with its international human rights obligations, Human Rights Watch said. This includes respecting the absolute prohibition of returning individuals to countries where they face a real risk of persecution, gender-based violence, or inhuman and degrading treatment or torture, as well as protecting families from being torn apart.</p><p>“Sweden has clear obligations to ensure that no one is returned to a real risk of serious harm,” Bergsten said. “By deporting young women to countries where gender-based persecution and severe restrictions on their rights are well documented, Sweden risks exposing them to exactly the kinds of abuses it is bound to prevent.”</p>",
        "link": "https://www.hrw.org/news/2026/07/08/sweden-deportation-decisions-ignore-womens-rights-risks",
        "place": "usa",
        "severity": 0,
        "scraped_at": "2026-07-14T17:13:19.772644+00:00"
      }
    },
    {
      "type": "Feature",
      "geometry": {
        "type": "Point",
        "coordinates": [
          -121.2621572,
          37.979919
        ]
      },
      "properties": {
        "id_hash": "92d04bcd753d4584502aab07f0e5f97045da8c7418cb13749c3766fedaec12e5",
        "title": "Egypt: Prisoner with Apparent Brain Tumor Denied Care",
        "summary": "Click to expand Image\n          \n\n\n\n  \n        \n  \n\n        \n                      \n      \n        \n              Inmates receiving medical treatment at the clinic of Borg el-Arab prison near Alexandria, Egypt, November 20, 2019.\n                    © 2019 Mohamed el-Shahed/AFP via Getty Images \n          \n    \n\n\n  \n<p>(Beirut) – Egyptian authorities are denying medical care to a death row prisoner with an apparent brain tumor, following a forced disappearance and an unfair trial, Human Rights Watch said today.&nbsp;</p><p>The Egyptian authorities detained the prisoner, Ahmed al-Waleed al-Shal, in 2014 shortly after he graduated from medical school at age 24. He was convicted in a mass trial for alleged involvement in a violent attack, and sentenced to death following confessions he told prosecutors and his family were obtained through torture. For over a decade, his family said, he has been held in abysmal conditions and denied appropriate medical care for an apparent mass in his brain. In recent months, his symptoms have drastically worsened.&nbsp;</p><p>“The Egyptian authorities have inflicted immense suffering on Ahmed al-Waleed al-Shal and his family by failing to provide him necessary medical care despite an apparent brain tumor,” said&nbsp;Amr Magdi, senior Middle East and North Africa researcher at Human Rights Watch.&nbsp;“Allowing al-Shal immediate surgery and freeing or transferring him on medical grounds, given the years of failure to provide adequate medical care, would be a long-overdue act of justice.”</p><p>Al-Shal was convicted in the February 28, 2014, murder of Abdullah al-Metwally, a guard of one of the judges who tried former president Mohammed Morsy after he was removed from office in 2013. The National Security Agency responded with mass arrests, detaining nearly two dozen alleged members of the Muslim Brotherhood, an Islamist group that to which Morsy belonged. Al-Shal’s mother, Nasiela Haroun, told Human Rights Watch that authorities arrested him on March 6, 2014, outside his university and forcibly disappeared him, ignoring inquiries about his whereabouts.&nbsp;</p><p>On March 12, the Interior Ministry published a statement regarding eleven men arrested in this case, and a video showing three of them, including al-Shal, confessing to crimes. A prosecutor’s office only informed the family of al-Shal’s whereabouts weeks later, his mother said.</p><p>The authorities brought terrorism-related charges against 23 men, including al-Shal, and a 17-year-old child, for allegedly shooting and killing al-Metwally in al-Mansoura city. On September 7, 2015, a criminal court convicted and&nbsp;sentenced nine men, including al-Shal, to death following a&nbsp;flawed mass trial. In June 2017, the&nbsp;Cassation Court upheld the death sentences against six of them, including al-Shal. Based on court documents Human Rights Watch reviewed, four of the twenty-four were eventually acquitted.&nbsp;</p><p>Haroun said that when the family finally visited al-Shal in the&nbsp;infamous Scorpion Prison several weeks after his initial arrest, he had wounds consistent with&nbsp;cigarette burns “arranged in geometrical shapes” on his neck. She said he told her and other family members that, while he was disappeared, officers at two National Security Agency sites, in al-Mansoura and Cairo, severely tortured him, including with electric shocks, cigarette burns, suspension by his legs, and inserting a wooden stick in his anus, to force confessions.</p><p>She said that officers told him they would arrest and rape her if he refused to sign confessions and threatened more torture if he changed his account before prosecutors. Despite his apparent marks of torture, prosecutors ignored al-Shal’s request for a forensic examination, based on court records Human Rights Watch reviewed. A defense memo Human Rights Watch reviewed cited a doctor who examined al-Shal upon arrival to the prison as stating that, “nothing negates the possibility that his wounds could have been caused according to the way he described to prosecutors.”&nbsp;</p><p>Al-Shal’s family contend that he was targeted because of his peaceful activism. Haroun said he participated in anti-government protests following the 2013 military coup while holding posters of his brother, Khaled, a veterinarian killed by police during the violent dispersal of the mass Rabaa sit-in in August 2013.&nbsp;</p><p>Haroun said al-Shal experienced several years in abysmal prison conditions in Wadi al-Natroun Prison in a 1.5 by 2.5 square meter cell with three other prisoners, taking turns sleeping on the floor. The guards let them use a toilet outside the cell once a day, she said.</p><p>Haroun said that between 2002 and 2005, he had surgery twice to remove a benign brain tumor. Human Rights Watch reviewed supporting medical documents. While he was in prison, she said, his health deteriorated, with balance difficulties, right hand motor disorder, headaches, dizziness, and double vision. Haroun said that prison doctors for years did not offer him appropriate medical care.&nbsp;</p><p>After multiple complaints, she said, he was taken to a public hospital in 2023, where, after an MRI, a neurosurgeon informed him of a mass in his brain, saying he needed surgery urgently. Officers instead took al-Shal back to prison, Haroun said.&nbsp;</p><p>After several other complaints to the cabinet, public prosecutor’s office, and the Interior Ministry, Haroun said, the administration transferred al-Shal to the medical central in Wadi al-Natroon Prison Complex in 2023, where he has been ever since. After his condition worsened, she said, the prison hospital conducted another brain image in 2026, but a doctor refused to tell him the results and told him he had “nothing,” and that his symptoms were “psychological.”&nbsp;</p><p>However, al-Shal’s mother said the family feared that the mass in the brain had increased in size given his deteriorating symptoms. The prison administration never allowed the family access to his medical records, and a prison guard told the family informally that only “National Security” could let him undergo surgery, his mother said.&nbsp;</p><p>The authorities should provide al-Shal with immediate adequate medical care, including releasing him from detention on humanitarian medical grounds, or transferring him to an equipped medical facility qualified to provide adequate care, Human Rights Watch said. The authorities should also ensure him a fair retrial.&nbsp;</p><p>The&nbsp;Committee for Justice, an independent group, said in a report that prosecution documents and defendants’ accounts showed that at least seven other defendants in the case were disappeared for periods of up to three months. It said that the documents also show that all those sentenced to death retracted their confessions in court and told prosecutors they had been severely tortured. Prosecutors referred only some for forensic examination, with significant delays.&nbsp;</p><p>Human rights groups reported that many defendants&nbsp;had no lawyers present during interrogation. A Human Rights Watch review of prosecution documents found no record of inspection of any of the places named as secret detention sites or officers identified in alleged torture. Court documents showed that judges based their decisions mainly on an unsubstantiated, even contradictory, National Security Agency account despite a lack of corroborating evidence.&nbsp;</p><p>The Office of the UN High Commissioner for Human Rights, UN independent mechanisms, and the African Commission for Human and Peoples Rights have repeatedly condemned unlawful mass death sentences in Egypt. Several UN experts and working groups expressed “serious concern” over the death sentences against al-Shal and his codefendants over due process and fair trial concerns and said that if they were executed, it would amount to “arbitrary executions.”</p><p>The authorities should uphold Egypt’s obligations, including under the Convention against Torture and other Cruel, Inhuman or Degrading Treatment or Punishment and investigate the alleged torture and ill-treatment of al-Shal and his codefendants. Human Rights Watch opposes capital punishment in all countries and under all circumstance as unique in its cruelty and finality, and is inevitably and universally plagued with arbitrariness, prejudice, and error.&nbsp;</p><p>“Executing a man following torture-tainted confessions and years of denied medical care would be grossly unjust,” Magdi said. “Granting al-Shal a medical pardon and his fellow defendants a fair retrial would be a positive step in Egypt’s long road to fixing its broken justice system.”</p>",
        "link": "https://www.hrw.org/news/2026/07/08/egypt-prisoner-with-apparent-brain-tumor-denied-care",
        "place": "August",
        "severity": 4,
        "scraped_at": "2026-07-14T17:13:21.574883+00:00"
      }
    },
    {
      "type": "Feature",
      "geometry": {
        "type": "Point",
        "coordinates": [
          -98.5795,
          39.8283
        ]
      },
      "properties": {
        "id_hash": "bcdb50c81f2b344c3771693c32e6ade28fd5e61dda41a6a12155a3c3ce20917a",
        "title": "Germany: Government Curbing Freedom of Information Act",
        "summary": "Click to expand Image\n          \n\n\n\n  \n        \n  \n\n        \n                      \n      \n        \n              Graffiti on a wooden fence in front of the Reichstag building in Berlin, Germany reads \"Freedom,\" on May 19, 2025.\n                    © 2025 JOHN MACDOUGALL/AFP via Getty Images\n          \n    \n\n\n  \n<p>(Berlin, July 8, 2026) – The German government should abandon its plans to gut Germany’s Freedom of Information Act, Human Rights Watch said today. The proposed amendments will threaten core human rights essential to transparency and public participation in a democracy based on the rule of law.</p><p>On July 2, 2026, the coalition committee of the German government, comprised of the Christian Democratic Union/Christian Social Union (CDU/CSU) and the Social Democratic Party (SPD), decided to significantly amend Germany’s Freedom of Information Act. The changes will severely restrict the ability of the public, including civil society and journalists, to obtain public records that relate to the actions of the government and authorities.&nbsp;</p><p>“The German government seems to perceive transparency and freedom of information as threats and an administrative burden instead of essential safeguards in a democracy,” said Almaz Teffera, senior Europe researcher at Human Rights Watch. “Restricting access to public records denies everyone basic information, makes it harder to hold the government and authorities to account, and risks increasing public distrust in their actions.”</p><p>The government seeks to adopt five key amendments to Germany’s Freedom of Information Act:</p>People will have to prove a “legitimate interest” to obtain official information, giving authorities broad discretion to reject information requests and deter people from seeking information of public concern. The government provided no further details on what would constitute a “legitimate interest.”Non-EU citizens who do not live in Germany would not be able to obtain public records, regardless of whether they may be able to prove a legitimate interest.&nbsp;Only individuals would have access to public records, preventing civil society organizations like Human Rights Watch or media organizations from making requests.The government would remove the cap, currently at €500, on fees for information requests, which risks creating financially prohibitive barriers, deterring and excluding people from access.The government would allow routine redactions of names of public officials, which would obscure individual responsibility for government actions.<p>FragDenStaat, a German civil society platform for freedom of information, called the government’s plans “the most serious attack on state transparency in the history of the Federal Republic [of Germany].” They suggest that removing the cap could result in fees of thousands of euros.&nbsp;</p><p>Reporters Without Borders and German journalist networks have criticized the government’s plans as barriers to information for journalists and attempts to limit the media’s oversight, since they would make it significantly more difficult for journalists to do their jobs of monitoring the actions of politicians and the authorities.</p><p>The government’s plans also drew criticism from state-level independent watchdogs like Berlin's commissioner for freedom of information, Meike Kamp, who said that “Now more than ever, the state and its authorities should have an interest in ensuring that their actions can be reviewed and understood by the public” to create trust and strengthen democracy.</p><p>Currently, anyone can request access to government documents and thus monitor the actions of authorities and the government. Civil society and media investigations using information requests based on the act have exposed numerous political and corruption scandals in the past, including some that involve allegations linked to officials of the current government who are now pushing for the amendments.&nbsp;</p><p>In its coalition agreement adopted last year, the government set out a commitment to reform the Freedom of Information Act to provide “added value for citizens and the administration.” However, the government’s plans to limit freedom of information in Germany would breach not just its own commitment but also international and European human rights law, Human Rights Watch said.&nbsp;</p><p>Germany is bound by international and regional human rights standards that protect the right to seek and receive information as part of the right to freedom of expression, including the European Convention on Human Rights and the International Covenant on Civil and Political Rights.&nbsp;</p><p>The European Court of Human Rights has recognized that access to information is especially important for journalists, civil society organizations, and other public watchdogs, whose ability to inform public debate depends on obtaining relevant public records. Restrictions on access must be lawful, necessary, and proportionate to a legitimate aim. Blanket exclusions, redactions of government officials’ names, and arbitrary eligibility rules are inconsistent with a transparent government and risk chilling journalism and civic participation, key pillars of a functioning democracy.</p><p>“Political transparency and public scrutiny do not have an off switch when it gets uncomfortable for the government,” Teffera said. “The German government should reverse course on this dangerous pursuit to gut Germany’s Freedom of Information Act and preserve meaningful access to official records for individuals and organizations alike.”&nbsp;</p>",
        "link": "https://www.hrw.org/news/2026/07/08/germany-government-curbing-freedom-of-information-act",
        "place": "usa",
        "severity": 2,
        "scraped_at": "2026-07-14T17:13:21.576012+00:00"
      }
    },
    {
      "type": "Feature",
      "geometry": {
        "type": "Point",
        "coordinates": [
          -74.2973,
          4.5709
        ]
      },
      "properties": {
        "id_hash": "c18fb0dd5f6397ffc85e2b9fb4aa4818cb2bbdbead9d0e55d870450f5d8f7093",
        "title": "Medellín superó la marca de los 100 extranjeros inadmitidos por turismo con fines de explotación sexual en 2026: seis estadounidenses fueron detenidos",
        "summary": "Migración Colombia oficializó la inadmisión de 101 extranjeros en el aeropuerto José María Córdova en lo corrido de 2026. Van 140 en todo el país.",
        "link": "https://www.eltiempo.com/colombia/medellin/medellin-ya-supero-la-barrera-de-los-100-extranjeros-inadmitidos-por-turismo-con-fines-de-explotacion-sexual-seis-estadounidenses-fueron-detenidos-3571100",
        "place": "colombia",
        "severity": 0,
        "scraped_at": "2026-07-14T17:13:23.430210+00:00"
      }
    },
    {
      "type": "Feature",
      "geometry": {
        "type": "Point",
        "coordinates": [
          -74.2973,
          4.5709
        ]
      },
      "properties": {
        "id_hash": "66b626c4d6572b8a7cd447eef6b6bd2baeaccebeeda31bac41260278fd6781e1",
        "title": "La frontera entre Colombia y Ecuador cumple 24 horas bloqueada; Ipiales está aislada del resto del país",
        "summary": "Las comunidades protestan por fallas severas y prolongadas en el servicio de agua potable.",
        "link": "https://www.eltiempo.com/colombia/cali/la-frontera-entre-colombia-y-ecuador-cumple-24-horas-bloqueada-ipiales-esta-aislada-del-resto-del-pais-3571101",
        "place": "colombia",
        "severity": 0,
        "scraped_at": "2026-07-14T17:13:23.430291+00:00"
      }
    },
    {
      "type": "Feature",
      "geometry": {
        "type": "Point",
        "coordinates": [
          -57.5417956,
          -38.0485487
        ]
      },
      "properties": {
        "id_hash": "8fc9dcd3d288012c020347bd2414c9956be564bb1b77d4c2a68d1f3006150edf",
        "title": "Atención: Ejército Nacional denunció que 39 personas fueron secuestradas por el Eln en una vía del Chocó; una niña de 2 años está entre las víctimas",
        "summary": "La Séptima División del Ejército Nacional informó que las personas fueron retenidas en el sector de Toldas, sobre la vía Quibdó–Carmen de Atrato.",
        "link": "https://www.eltiempo.com/colombia/medellin/atencion-ejercito-nacional-denuncio-que-39-personas-fueron-secuestradas-por-el-eln-en-una-via-del-choco-un-menor-de-edad-esta-entre-las-victimas-3571079",
        "place": "Atención",
        "severity": 0,
        "scraped_at": "2026-07-14T17:13:24.894618+00:00"
      }
    },
    {
      "type": "Feature",
      "geometry": {
        "type": "Point",
        "coordinates": [
          -110.9548223,
          29.0326574
        ]
      },
      "properties": {
        "id_hash": "ae4c9226351991afd9dbf339b89bdd6741fd347606753244da9b982f4a1ed3d1",
        "title": "Campesinos confinados en Mercaderes, Cauca, por intensos combates entre disidencias de las Farc y el Eln",
        "summary": "Habitantes piden intervención urgente de las autoridades locales y nacionales.",
        "link": "https://www.eltiempo.com/colombia/cali/campesinos-confinados-en-mercaderes-cauca-por-intensos-combates-entre-disidencias-de-las-farc-y-el-eln-3571061",
        "place": "Campesinos",
        "severity": 0,
        "scraped_at": "2026-07-14T17:13:25.793375+00:00"
      }
    },
    {
      "type": "Feature",
      "geometry": {
        "type": "Point",
        "coordinates": [
          -98.5795,
          39.8283
        ]
      },
      "properties": {
        "id_hash": "9e747677eb633084f4567b63b31e34fc285d894e79c295ec62b3475c69c3a8be",
        "title": "Microtráfico, venganzas e intolerancia: las principales causas detrás de los 15 homicidios del fin de semana de la Virgen de Chiquinquirá en Cali",
        "summary": "Balance operativo de la Policía Metropolitana también registró 53 capturas y la recuperación de automóviles.",
        "link": "https://www.eltiempo.com/colombia/cali/microtrafico-venganzas-e-intolerancia-las-principales-causas-detras-de-los-15-homicidios-del-fin-de-semana-de-la-virgen-de-chiquinquira-en-cali-3571048",
        "place": "usa",
        "severity": 0,
        "scraped_at": "2026-07-14T17:13:25.793559+00:00"
      }
    },
    {
      "type": "Feature",
      "geometry": {
        "type": "Point",
        "coordinates": [
          105.3188,
          61.524
        ]
      },
      "properties": {
        "id_hash": "da2022c45c9dd213cdeb456a1045d3ec50aab7c2b61fb96d18cd21f7766b91b4",
        "title": "US, Russian astronauts launch into orbit for joint space mission",
        "summary": "NASA chief Jared Isaacman made a rare visit to the Russia-operated Baikonur Cosmodrome to witness the launch.",
        "link": "https://www.aljazeera.com/news/2026/7/14/us-russian-astronauts-launch-into-orbit-for-joint-space-mission?traffic_source=rss",
        "place": "Russia",
        "location": {
          "name": "Russia",
          "type": "country",
          "country": "Russia",
          "region": null,
          "department": null,
          "municipality": null,
          "continent": "Europe/Asia",
          "latitude": 61.524,
          "longitude": 105.3188,
          "precision": "country",
          "geohash": null,
          "timezone": null,
          "source": "Local Dictionary",
          "confidence": 1.0
        },
        "severity": 0,
        "scraped_at": "2026-07-14T18:35:03.452236+00:00"
      }
    },
    {
      "type": "Feature",
      "geometry": {
        "type": "Point",
        "coordinates": [
          29.4917691,
          14.5844444
        ]
      },
      "properties": {
        "id_hash": "d31b4d2ef2ad4b4da1bc24642eaa26e539ca3bea594907ccdcbc62a0d43b2158",
        "title": "Sudan faces escalating hunger crisis due to war and Hormuz disruption – WFP",
        "summary": "Renewed conflict and tensions in the Strait of Hormuz have slowed fertiliser shipments, worsening hunger in Sudan.",
        "link": "https://www.aljazeera.com/news/2026/7/14/sudan-faces-escalating-hunger-crisis-due-to-war-and-hormuz-disruption?traffic_source=rss",
        "place": "السودان",
        "location": {
          "name": "السودان",
          "type": "administrative",
          "country": "السودان",
          "region": null,
          "department": null,
          "municipality": null,
          "continent": null,
          "latitude": 14.5844444,
          "longitude": 29.4917691,
          "precision": "administrative",
          "geohash": null,
          "timezone": null,
          "source": "OpenStreetMap Nominatim",
          "confidence": 0.9
        },
        "severity": 2,
        "scraped_at": "2026-07-14T18:35:05.356239+00:00"
      }
    },
    {
      "type": "Feature",
      "geometry": {
        "type": "Point",
        "coordinates": [
          53.688,
          32.4279
        ]
      },
      "properties": {
        "id_hash": "412833f669366b88d77f43c09ce7c744c16c171ed951386a17ac4bcd6465e410",
        "title": "US consumer prices drop in June as energy costs tumble",
        "summary": "Inflation eased due to cheaper energy, but experts warn price increases may return after renewed US-Iran tensions.",
        "link": "https://www.aljazeera.com/economy/2026/7/14/us-consumer-prices-drop-in-june-as-energy-costs-tumble?traffic_source=rss",
        "place": "Iran",
        "location": {
          "name": "Iran",
          "type": "country",
          "country": "Iran",
          "region": null,
          "department": null,
          "municipality": null,
          "continent": "Asia",
          "latitude": 32.4279,
          "longitude": 53.688,
          "precision": "country",
          "geohash": null,
          "timezone": null,
          "source": "Local Dictionary",
          "confidence": 1.0
        },
        "severity": 2,
        "scraped_at": "2026-07-14T18:35:05.356373+00:00"
      }
    },
    {
      "type": "Feature",
      "geometry": {
        "type": "Point",
        "coordinates": [
          9.9194353,
          50.7138568
        ]
      },
      "properties": {
        "id_hash": "e10985e033395f151be52160b15ffed4e2abc272400b3f7c9d5374461f923706",
        "title": "Murder of UK politician Ann Widdecombe was ‘targeted attack’, police say",
        "summary": "Investigators are looking into what motivated the killing and how much preparation was involved.",
        "link": "https://www.aljazeera.com/news/2026/7/14/murder-of-uk-politician-ann-widdecombe-was-targeted-attack-police-say?traffic_source=rss",
        "place": "Mord",
        "location": {
          "name": "Mord",
          "type": "artwork",
          "country": "Deutschland",
          "region": "Hessen",
          "department": null,
          "municipality": "Rasdorf",
          "continent": null,
          "latitude": 50.7138568,
          "longitude": 9.9194353,
          "precision": "artwork",
          "geohash": null,
          "timezone": null,
          "source": "OpenStreetMap Nominatim",
          "confidence": 0.9
        },
        "severity": 2,
        "scraped_at": "2026-07-14T18:35:06.905612+00:00"
      }
    },
    {
      "type": "Feature",
      "geometry": {
        "type": "Point",
        "coordinates": [
          53.688,
          32.4279
        ]
      },
      "properties": {
        "id_hash": "7f269fa7d520812e0be2912020c7b949146f2c268a997883f7879a6cc6994613",
        "title": "MPs vote on Hillsborough amendment as Starmer and Burnham address Commons – UK politics live",
        "summary": "<p>Outgoing prime minister opens third reading debate on the Hillsborough law bill</p><p>In response to a question from Alec Shelbrooke (Con), <strong>Campbell</strong> said he was “totally unaware” not just of the wording of the Tory opposition day motion planned for tomorrow (see <a href=\"https://www.theguardian.com/politics/live/2026/jul/14/ann-widdecombe-nigel-farage-reform-uk-security-protection-burnham-latest-news-updates?page=with%3Ablock-6a5622aa8f08300d616e438c#block-6a5622aa8f08300d616e438c\">1.04pm</a>), but of the topic that it was going to cover. In a bid to convince MPs that this was not a lie, he said that he was standing at the despatch box and that MPs knew the importance of a minister “telling the absolute truth when they stand here”.</p><p>In the Commons, <strong>Alan Campbell</strong>, the leader of the house, has just announced there will be a change in parliamentary business tomorrow. Wednesday was set aside for an opposition day debate – a debate on a motion tabled by the Tories. Instead, there will be a general debate on the situation in Iran. There will also be a vote on <a href=\"https://www.theguardian.com/politics/2026/jul/13/uk-list-iran-islamic-revolutionary-guard-corps-irgc-terrorist-organisation\">the regulations banning support for Iran’s Islamic Revolutionary Guard Corps.</a></p><p>The government has a majority of more than 150 and it could not trust its MPs to vote the right way on that motion [delaying the recess], and it could not bear the idea of a new prime minister facing any scrutiny before September.</p><p>A prime minister, let me remind us all, who has been chosen by a coronation not a contest, with no known platform, almost no known policies, and no idea of his priorities or indeed his cabinet team.</p> <a href=\"https://www.theguardian.com/politics/live/2026/jul/14/ann-widdecombe-nigel-farage-reform-uk-security-protection-burnham-latest-news-updates\">Continue reading...</a>",
        "link": "https://www.theguardian.com/politics/live/2026/jul/14/ann-widdecombe-nigel-farage-reform-uk-security-protection-burnham-latest-news-updates",
        "place": "Iran",
        "location": {
          "name": "Iran",
          "type": "country",
          "country": "Iran",
          "region": null,
          "department": null,
          "municipality": null,
          "continent": "Asia",
          "latitude": 32.4279,
          "longitude": 53.688,
          "precision": "country",
          "geohash": null,
          "timezone": null,
          "source": "Local Dictionary",
          "confidence": 1.0
        },
        "severity": 4,
        "scraped_at": "2026-07-14T18:35:07.664349+00:00"
      }
    },
    {
      "type": "Feature",
      "geometry": {
        "type": "Point",
        "coordinates": [
          -60.9763254,
          45.294497
        ]
      },
      "properties": {
        "id_hash": "bebecc87bae69d8b07c6507d1c69495f4fa81a39cff5a5a10e10b079fa29e214",
        "title": "Britons urged to take ‘small steps’ to prepare for potential national crises",
        "summary": "<p>Government to launch campaign to help people cope with events such as weather emergencies or cyber-attacks</p><p>The British public should begin taking “small but important steps” to secure and protect water, power supplies and basic phone signal in case of further severe weather emergencies, national crises or cyber-attacks, Downing Street has said.</p><p>Darren Jones, the chief secretary to the prime minister, told MPs “the risks we face from climate change cannot be underestimated”, and warned of the “significant and prolonged disruption to essential services” extreme weather events could cause.</p> <a href=\"https://www.theguardian.com/politics/2026/jul/14/britons-urged-small-steps-prepare-potential-national-crises\">Continue reading...</a>",
        "link": "https://www.theguardian.com/politics/2026/jul/14/britons-urged-small-steps-prepare-potential-national-crises",
        "place": "Britons Shoal",
        "location": {
          "name": "Britons Shoal",
          "type": "water",
          "country": "Canada",
          "region": "Nova Scotia",
          "department": null,
          "municipality": null,
          "continent": null,
          "latitude": 45.294497,
          "longitude": -60.9763254,
          "precision": "water",
          "geohash": null,
          "timezone": null,
          "source": "OpenStreetMap Nominatim",
          "confidence": 0.9
        },
        "severity": 4,
        "scraped_at": "2026-07-14T18:35:08.726727+00:00"
      }
    },
    {
      "type": "Feature",
      "geometry": {
        "type": "Point",
        "coordinates": [
          -74.2973,
          4.5709
        ]
      },
      "properties": {
        "id_hash": "3454a777d204f1610f3d02212290be164fef96be75a08dcab56a1b7e5c788988",
        "title": "ICE identifies Joan Sebastian Duran Guerrero as man agents fatally shot in Maine",
        "summary": "<p>An immigration officer shot and killed the 26-year-old Colombian man afte reportedly ramming into his car</p><p>The man <a href=\"https://www.theguardian.com/us-news/2026/jul/13/maine-ice-shooting-death\">killed by Immigration and Customs Enforcement (ICE) agents</a> in Maine on Monday has been identified as Joan Sebastian Duran<strong> </strong>Guerrero, an ICE spokesperson said in a statement .</p><p>An immigration agent shot and killed the 26-year-old Colombian man on Monday morning in Biddeford, Maine, after reportedly ramming into his car.</p> <a href=\"https://www.theguardian.com/us-news/2026/jul/14/ice-shooting-maine-joan-sebastian-guerrero\">Continue reading...</a>",
        "link": "https://www.theguardian.com/us-news/2026/jul/14/ice-shooting-maine-joan-sebastian-guerrero",
        "place": "Colombia",
        "location": {
          "name": "Colombia",
          "type": "country",
          "country": "Colombia",
          "region": null,
          "department": null,
          "municipality": null,
          "continent": "South America",
          "latitude": 4.5709,
          "longitude": -74.2973,
          "precision": "country",
          "geohash": null,
          "timezone": "America/Bogota",
          "source": "Local Dictionary",
          "confidence": 1.0
        },
        "severity": 2,
        "scraped_at": "2026-07-14T18:35:08.726927+00:00"
      }
    },
    {
      "type": "Feature",
      "geometry": {
        "type": "Point",
        "coordinates": [
          34.8516,
          31.0461
        ]
      },
      "properties": {
        "id_hash": "6a7b13c16d95822d3553198d5fe5d62b46640bf9371521ecbc186fb498b4a3ca",
        "title": "Top House Democrats vow to oppose bid to cut US military aid to Israel",
        "summary": "<p>House minority leader, Hakeem Jeffries, calls amendment ‘overly broad’ as party grapples with backlash over Israel</p><ul><li><p><a href=\"https://www.theguardian.com/us-news/live/2026/jul/14/ice-shooting-maine-texas-trump-immigration-politics\">US politics live – latest updates</a></p></li></ul><p>Top House <a href=\"https://www.theguardian.com/us-news/democrats\">Democrats</a> on Tuesday said they will oppose an effort to cut funding from <a href=\"https://www.theguardian.com/world/israel\">Israel</a>’s military, amid a rebellion from voters over US support for the Middle Eastern ally that has roiled recent primary elections.</p><p>The party has been debating how to vote on an amendment that would halt $3.3bn in military aid for Israel, which Republican congressman Thomas Massie has proposed adding to an appropriations bill for the state department and related agencies. Democrats were debating the amendment, which may come up for a vote before the House of Representatives later this week, in the context of a slew of primary victories by candidates who have vowed to take a hardline against Israel.</p> <a href=\"https://www.theguardian.com/world/2026/jul/14/us-military-aid-israel-house-democrats\">Continue reading...</a>",
        "link": "https://www.theguardian.com/world/2026/jul/14/us-military-aid-israel-house-democrats",
        "place": "Israel",
        "location": {
          "name": "Israel",
          "type": "country",
          "country": "Israel",
          "region": null,
          "department": null,
          "municipality": null,
          "continent": "Asia",
          "latitude": 31.0461,
          "longitude": 34.8516,
          "precision": "country",
          "geohash": null,
          "timezone": null,
          "source": "Local Dictionary",
          "confidence": 1.0
        },
        "severity": 0,
        "scraped_at": "2026-07-14T18:35:08.727239+00:00"
      }
    },
    {
      "type": "Feature",
      "geometry": {
        "type": "Point",
        "coordinates": [
          -74.0060152,
          40.7127281
        ]
      },
      "properties": {
        "id_hash": "c3a66e49549a7795ba4fc018526a4397c0fcdc3f5cbabc85a24d6979b26c28e2",
        "title": "Pilot known for ‘Miracle on the Hudson’ river plane landing reveals Alzheimer’s diagnosis",
        "summary": "<p>Chesley Sullenberger, 75, safely landed a US Airways flight carrying 155 people in New York’s Hudson river in 2009</p><p>Chesley “Sully” Sullenberger – the pilot known for the <a href=\"https://www.theguardian.com/world/2009/jan/16/us-airways-plane-crash-lands-on-hudson\">“Miracle on the Hudson”</a> after safely landing a US Airways flight in New York City’s Hudson river during a 2009 emergency – <a href=\"https://www.sullysullenberger.com/statement-from-capt-sully-sullenberger-july2026/\">announced on Tuesday</a> that he was recently diagnosed with Alzheimer’s disease.</p><p>“For now, this means a name may not come easily to me, I forget a story I have recently told, or I don’t sleep as well, but I am in the beginning of this long journey,” Sullenberger, 75, said in a <a href=\"https://www.sullysullenberger.com/statement-from-capt-sully-sullenberger-july2026/\">statement</a>. “This new phase of my life has challenged what it means to be of service. And the answer is to speak up. It is my hope that by sharing this, other families living in the shadows with this disease will feel they too can step forward.”</p> <a href=\"https://www.theguardian.com/us-news/2026/jul/14/sully-sullenberger-alzheimers-diagnosis\">Continue reading...</a>",
        "link": "https://www.theguardian.com/us-news/2026/jul/14/sully-sullenberger-alzheimers-diagnosis",
        "place": "New York",
        "location": {
          "name": "New York",
          "type": "administrative",
          "country": "United States",
          "region": "New York",
          "department": null,
          "municipality": "New York",
          "continent": null,
          "latitude": 40.7127281,
          "longitude": -74.0060152,
          "precision": "administrative",
          "geohash": null,
          "timezone": null,
          "source": "OpenStreetMap Nominatim",
          "confidence": 0.9
        },
        "severity": 2,
        "scraped_at": "2026-07-14T18:35:09.958854+00:00"
      }
    },
    {
      "type": "Feature",
      "geometry": {
        "type": "Point",
        "coordinates": [
          53.688,
          32.4279
        ]
      },
      "properties": {
        "id_hash": "b092735660b7d15c287814275c4f49eb609cd900b8fcaaf31fe6f8c113ac3822",
        "title": "War, talks, repeat: How to break the cycle between US and Iran?",
        "summary": "Who needs nuclear weapons when you’ve got the Strait of Hormuz? Sure, ordinary Iranians are far worse off than on February 28th when the US and Israel launched a war that killed the Supreme Leader on Day One but the Islamic Republic's since discovered it’s got leverage beyond its wildest dream and betting that Donald Trump’s threats of invasion are empty.",
        "link": "https://www.france24.com/en/tv-shows/the-debate/20260714-war-talks-repeat-how-to-break-the-cycle-between-us-and-iran",
        "place": "Iran",
        "location": {
          "name": "Iran",
          "type": "country",
          "country": "Iran",
          "region": null,
          "department": null,
          "municipality": null,
          "continent": "Asia",
          "latitude": 32.4279,
          "longitude": 53.688,
          "precision": "country",
          "geohash": null,
          "timezone": null,
          "source": "Local Dictionary",
          "confidence": 1.0
        },
        "severity": 6,
        "scraped_at": "2026-07-14T18:35:10.418406+00:00"
      }
    },
    {
      "type": "Feature",
      "geometry": {
        "type": "Point",
        "coordinates": [
          -4.8379791,
          39.3260685
        ]
      },
      "properties": {
        "id_hash": "2e58b810465334f4beb8997ed0b822f03ff7e86a7bfa618a9bc8d8a663703003",
        "title": "Spain's 'Formidable Opponent': Rajoy credits France's football success to having 'no French players'",
        "summary": "Nadia Massih is pleased to welcome Dr Leon Moosavi, Sociologist of race and religion, and Reader in the Department of Sociology, Social Policy and Criminology at the University of Liverpool. Racism directed at the French national football team is often framed as a problem of sport, yet Dr. Moosavi argues that football merely provides a highly visible stage upon which much deeper political and social conflicts play out. Rather than viewing racist abuse against players such as Kylian Mbappé as isolated incidents or the actions of a few extremists, our guest describes these attacks within wider debates over national identity, immigration, belonging, and the normalization of extremist rhetoric and exclusionary political discourse across many Western democracies.",
        "link": "https://www.france24.com/en/video/20260714-spain-s-formidable-opponent-rajoy-credits-france-s-football-success-to-having-no-french-players-1",
        "place": "España",
        "location": {
          "name": "España",
          "type": "administrative",
          "country": "España",
          "region": null,
          "department": null,
          "municipality": null,
          "continent": null,
          "latitude": 39.3260685,
          "longitude": -4.8379791,
          "precision": "administrative",
          "geohash": null,
          "timezone": null,
          "source": "OpenStreetMap Nominatim",
          "confidence": 0.9
        },
        "severity": 2,
        "scraped_at": "2026-07-14T18:35:11.849500+00:00"
      }
    },
    {
      "type": "Feature",
      "geometry": {
        "type": "Point",
        "coordinates": [
          1.8883335,
          46.603354
        ]
      },
      "properties": {
        "id_hash": "4a821f052a2939bf8d74c5910fbbb6ef943ba39793914b0af4011dfdfa2428b2",
        "title": "France vs Spain live: World Cup favourites take on European champions in crunch semi-final",
        "summary": "A place in the World Cup final is at stake as Kylian Mbappé’s France face Lamine Yamal’s Spain at the Dallas Stadium on Bastille Day, in a mouthwatering clash of styles pitting the tournament’s most formidable attacking armada against its smoothest midfield and stingiest defence. Follow our live, minute-by-minute match commentary.",
        "link": "https://www.france24.com/en/sport/20260714-france-vs-spain-live-world-cup-favourites-european-champions-semi-final-mbappe-yamal",
        "place": "France",
        "location": {
          "name": "France",
          "type": "administrative",
          "country": "France",
          "region": null,
          "department": null,
          "municipality": null,
          "continent": null,
          "latitude": 46.603354,
          "longitude": 1.8883335,
          "precision": "administrative",
          "geohash": null,
          "timezone": null,
          "source": "OpenStreetMap Nominatim",
          "confidence": 0.9
        },
        "severity": 2,
        "scraped_at": "2026-07-14T18:35:13.106355+00:00"
      }
    },
    {
      "type": "Feature",
      "geometry": {
        "type": "Point",
        "coordinates": [
          7.2683912,
          43.7009358
        ]
      },
      "properties": {
        "id_hash": "29bf8fa3510f6915fc8977f58935b2e6a3928152755ced3d5867622ec51f4cde",
        "title": "France marks tenth anniversary of deadly Nice terror attack",
        "summary": "President Emmanuel Macron held a national tribute in Nice on Tuesday for the victims of a deadly jihadist attack 10 years ago in the southern French city. Later Tuesday, the French football team will observe a minute of silence ahead of their World Cup semi-final in a commemoration to the 86 victims of the attack.",
        "link": "https://www.france24.com/en/france/20260714-france-marks-tenth-anniversary-of-deadly-nice-terror-attack",
        "place": "Nice",
        "location": {
          "name": "Nice",
          "type": "administrative",
          "country": "France",
          "region": "Provence-Alpes-Côte d'Azur",
          "department": null,
          "municipality": "Nice",
          "continent": null,
          "latitude": 43.7009358,
          "longitude": 7.2683912,
          "precision": "administrative",
          "geohash": null,
          "timezone": null,
          "source": "OpenStreetMap Nominatim",
          "confidence": 0.9
        },
        "severity": 2,
        "scraped_at": "2026-07-14T18:35:14.579809+00:00"
      }
    },
    {
      "type": "Feature",
      "geometry": {
        "type": "Point",
        "coordinates": [
          -74.2973,
          4.5709
        ]
      },
      "properties": {
        "id_hash": "5caf6f2bd532a9d3dd44de49138e84e7c40e4be508198c986cc08e129e0b0aa6",
        "title": "Sincelejo se mantiene como la ciudad más segura de Colombia en el primer semestre de 2026 y Gobierno entrante promete respaldo a autoridades locales",
        "summary": "Gobiernos entrante y saliente coinciden en replicar seguridad de Sincelejo",
        "link": "https://www.eltiempo.com/colombia/otras-ciudades/sincelejo-se-mantiene-como-la-ciudad-mas-segura-de-colombia-en-el-primer-semestre-de-2026-y-gobierno-entrante-promete-respaldo-a-autoridades-locales-3571138",
        "place": "Colombia",
        "location": {
          "name": "Colombia",
          "type": "country",
          "country": "Colombia",
          "region": null,
          "department": null,
          "municipality": null,
          "continent": "South America",
          "latitude": 4.5709,
          "longitude": -74.2973,
          "precision": "country",
          "geohash": null,
          "timezone": "America/Bogota",
          "source": "Local Dictionary",
          "confidence": 1.0
        },
        "severity": 0,
        "scraped_at": "2026-07-14T18:35:18.350601+00:00"
      }
    },
    {
      "type": "Feature",
      "geometry": {
        "type": "Point",
        "coordinates": [
          -74.2973,
          4.5709
        ]
      },
      "properties": {
        "id_hash": "c7be9c1a611acfebb7529c7f9f11734231d0f0f7fed2b6f5a41307d42d73f409",
        "title": "Atlántico | Joven de 16 años muere por inmersión en Puerto Colombia: ya son siete los fallecidos este año y crece la preocupación en las playas",
        "summary": "Las autoridades indicaron de manera preliminar que el hecho estaría relacionado con las fuertes condiciones marítimas registradas en la zona.",
        "link": "https://www.eltiempo.com/colombia/barranquilla/atlantico-joven-de-16-anos-muere-por-inmersion-en-puerto-colombia-ya-son-siete-los-fallecidos-este-ano-y-crece-la-preocupacion-en-las-playas-3571130",
        "place": "Colombia",
        "location": {
          "name": "Colombia",
          "type": "country",
          "country": "Colombia",
          "region": null,
          "department": null,
          "municipality": null,
          "continent": "South America",
          "latitude": 4.5709,
          "longitude": -74.2973,
          "precision": "country",
          "geohash": null,
          "timezone": "America/Bogota",
          "source": "Local Dictionary",
          "confidence": 1.0
        },
        "severity": 0,
        "scraped_at": "2026-07-14T18:35:18.350717+00:00"
      }
    }
  ]
}